Date,EuroStoxx,Bonds,Interest,EuroStoxx_Returns,Bonds_Returns
12/01/2001,993.09,372.632,4.826,0.00092726,-0.007817492
19/01/2001,989.33,372.901,4.784,-0.003786162,0.000721892
26/01/2001,997.75,372.946,4.821,0.00851081,0.000120675
02/02/2001,977.98,375.296,4.779,-0.019814583,0.00630118
09/02/2001,960.91,375.905,4.775,-0.017454345,0.001622719
16/02/2001,947.53,374.884,4.822,-0.013924301,-0.002716112
23/02/2001,888.6,374.875,4.83,-0.062193281,-2.40074E-05
02/03/2001,901.93,377.572,4.821,0.015001125,0.007194398
09/03/2001,909.03,378.283,4.851,0.007872008,0.001883085
16/03/2001,861.33,380.195,4.811,-0.052473516,0.005054417
23/03/2001,840.07,381.489,4.8,-0.024682758,0.003403517
30/03/2001,878.58,380.039,4.805,0.045841418,-0.003800896
06/04/2001,870.36,380.269,4.763,-0.009356006,0.000605201
13/04/2001,911.37,377.295,5.171,0.047118434,-0.00782078
20/04/2001,921.8,375.452,4.861,0.011444309,-0.004884772
27/04/2001,941.31,375.21,4.828,0.021165112,-0.000644556
04/05/2001,930.53,376.118,4.833,-0.011452125,0.002419978
11/05/2001,945.14,375.424,4.605,0.01570073,-0.001845166
18/05/2001,961.47,374.651,4.577,0.017277864,-0.002059005
25/05/2001,952.64,372.163,4.596,-0.009183854,-0.006640847
01/06/2001,936.8,375.744,4.566,-0.016627477,0.009622128
08/06/2001,945.07,375.843,4.555,0.008827925,0.000263477
15/06/2001,900.21,377.667,4.543,-0.047467383,0.00485309
22/06/2001,892.05,380.017,4.601,-0.009064552,0.006222413
29/06/2001,902.47,376.282,4.554,0.01168096,-0.009828508
06/07/2001,867.04,377.269,4.546,-0.039258923,0.002623033
13/07/2001,860.11,377.753,4.538,-0.007992711,0.001282904
20/07/2001,840.01,381.048,4.529,-0.023369104,0.008722631
27/07/2001,848.3,382.944,4.552,0.00986893,0.004975751
03/08/2001,857.32,383.157,4.534,0.010633031,0.000556217
10/08/2001,815.52,386.352,4.53,-0.04875659,0.008338618
17/08/2001,801.23,388.106,4.533,-0.017522562,0.004539901
24/08/2001,829.12,385.195,4.548,0.034808981,-0.007500528
31/08/2001,798.21,388.207,4.316,-0.03728049,0.007819416
07/09/2001,737,388.079,4.305,-0.076684081,-0.000329721
14/09/2001,659.11,389.546,4.292,-0.10568521,0.003780158
21/09/2001,613.58,388.032,3.799,-0.069077999,-0.003886576
28/09/2001,702.93,390.639,3.788,0.145620783,0.006718518
05/10/2001,713.88,394.76,3.747,0.015577654,0.010549382
12/10/2001,746.13,393.957,3.86,0.04517566,-0.002034147
19/10/2001,726.56,396.143,3.938,-0.026228673,0.005548829
26/10/2001,770.27,399.602,3.801,0.060160207,0.008731695
02/11/2001,747.27,404.002,3.765,-0.02985966,0.011010956
09/11/2001,782.08,404.869,3.563,0.046582895,0.002146029
16/11/2001,798.65,398.618,3.331,0.021187091,-0.015439562
23/11/2001,804.79,397.81,3.375,0.007687973,-0.002027003
30/11/2001,780.48,399.274,3.36,-0.030206638,0.003680149
07/12/2001,809.22,392.352,3.287,0.036823493,-0.017336466
14/12/2001,761.41,395.834,3.313,-0.059081585,0.008874684
21/12/2001,788.66,393.873,3.693,0.035788865,-0.004954097
28/12/2001,812.06,390.755,3.343,0.02967058,-0.007916257
04/01/2002,815.23,392.164,3.361,0.003903652,0.00360584
11/01/2002,789.03,395.463,3.352,-0.03213817,0.008412297
18/01/2002,777.16,395.813,3.342,-0.015043788,0.000885039
25/01/2002,790.4,392.472,3.346,0.017036389,-0.008440855
01/02/2002,786.59,395.146,3.347,-0.004820344,0.006813225
08/02/2002,749.16,394.41,3.324,-0.047585146,-0.001862603
15/02/2002,759.35,394.624,3.314,0.013601901,0.000542583
22/02/2002,732.66,395.364,3.322,-0.035148482,0.001875203
01/03/2002,778.61,393.641,3.333,0.062716676,-0.004358009
08/03/2002,809.49,389.539,3.304,0.03966042,-0.010420662
15/03/2002,802.2,388.973,3.274,-0.00900567,-0.001453
22/03/2002,800.34,388.646,3.403,-0.002318624,-0.000840675
29/03/2002,808.82,389.138,3.341,0.010595497,0.001265934
05/04/2002,786.3,392.447,3.327,-0.027843031,0.00850341
12/04/2002,772.75,392.478,3.299,-0.017232608,7.89916E-05
19/04/2002,794.05,391.625,3.316,0.027563895,-0.00217337
26/04/2002,763.39,394.965,3.337,-0.038612178,0.008528567
03/05/2002,750.69,394.447,3.324,-0.01663632,-0.001311509
10/05/2002,744.85,392.717,3.322,-0.00777951,-0.004385887
17/05/2002,767.29,391.825,3.308,0.030126871,-0.002271356
24/05/2002,751.97,395.038,3.368,-0.019966375,0.008200089
31/05/2002,742.2,395.077,3.365,-0.01299254,9.87247E-05
07/06/2002,696.38,396.627,3.349,-0.061735381,0.003923286
14/06/2002,662.65,401.223,3.327,-0.048436199,0.011587713
21/06/2002,658.7,401.01,3.394,-0.005960915,-0.000530877
28/06/2002,681.23,402.578,3.368,0.034203735,0.003910127
05/07/2002,688.86,401.158,3.347,0.011200329,-0.003527267
12/07/2002,628.23,405.253,3.33,-0.088014981,0.010207948
19/07/2002,586.75,407.023,3.301,-0.066026774,0.004367642
26/07/2002,552.24,410.07,3.341,-0.058815509,0.007486063
02/08/2002,555.31,413.009,3.325,0.005559177,0.007167069
09/08/2002,599.86,415.69,3.314,0.08022546,0.006491384
16/08/2002,592.11,414.677,3.312,-0.012919681,-0.002436912
23/08/2002,615.48,413.734,3.335,0.039469018,-0.002274059
30/08/2002,591.54,416.497,3.322,-0.038896471,0.006678204
06/09/2002,571.65,422.231,3.305,-0.0336241,0.013767206
13/09/2002,552.57,422.026,3.307,-0.033377066,-0.000485516
20/09/2002,503.93,424.792,3.321,-0.088025047,0.006554099
27/09/2002,511.61,425.138,3.325,0.015240212,0.000814516
04/10/2002,485.74,425.48,3.306,-0.050565861,0.000804445
11/10/2002,513.63,424.152,3.309,0.057417548,-0.003121181
18/10/2002,551.97,419.337,3.313,0.074645173,-0.011352062
25/10/2002,536.58,420.657,3.328,-0.02788195,0.003147826
01/11/2002,543.44,423.01,3.307,0.012784673,0.005593631
08/11/2002,535.47,425.194,3.304,-0.014665832,0.005162999
15/11/2002,554.11,426.482,3.307,0.03481054,0.003029205
22/11/2002,578.67,425.615,3.331,0.044323329,-0.002032911
29/11/2002,580.58,426.705,3.406,0.003300672,0.002561
06/12/2002,553.24,429.289,2.867,-0.04709084,0.006055706
13/12/2002,530.9,432.814,2.899,-0.040380305,0.008211252
20/12/2002,533.44,433.779,3.041,0.004784328,0.002229595
27/12/2002,517.26,437.132,3.19,-0.030331434,0.007729743
03/01/2003,547.4,433.716,2.902,0.058268569,-0.007814573
10/01/2003,544.64,436.701,2.848,-0.005042017,0.006882384
17/01/2003,523.06,439.909,2.844,-0.039622503,0.007345987
24/01/2003,489.4,444.386,2.843,-0.064352082,0.010177105
31/01/2003,492.38,443.6,2.833,0.006089089,-0.001768733
07/02/2003,467.44,445.871,2.806,-0.050651935,0.005119477
14/02/2003,481.98,446.916,2.799,0.031105596,0.002343727
21/02/2003,483.8,448.977,2.821,0.00377609,0.004611605
28/02/2003,469.01,450.217,2.827,-0.030570484,0.002761834
07/03/2003,436.52,453.729,2.742,-0.069273576,0.007800683
14/03/2003,455.64,447.88,2.631,0.043800971,-0.012890955
21/03/2003,492.75,440.356,2.595,0.081445878,-0.016799143
28/03/2003,467.93,445.095,2.585,-0.05037037,0.010761747
04/04/2003,487.91,444.122,2.565,0.042698694,-0.00218605
11/04/2003,493.9,444.323,2.565,0.012276854,0.000452578
18/04/2003,511.34,446.254,2.582,0.035310792,0.004345938
25/04/2003,501.49,448.406,2.59,-0.019263113,0.004822366
02/05/2003,514.19,449.538,2.575,0.025324533,0.002524498
09/05/2003,513.44,454.404,2.566,-0.001458605,0.010824446
16/05/2003,522.64,458.546,2.573,0.017918355,0.009115237
23/05/2003,500.56,463.843,2.617,-0.042247053,0.011551731
30/05/2003,519.78,461.684,2.756,0.038396995,-0.004654592
06/06/2003,540.58,463.633,2.157,0.04001693,0.004221502
13/06/2003,545.57,471.58,2.154,0.009230826,0.017140713
20/06/2003,562.34,464.377,2.182,0.030738494,-0.015274185
27/06/2003,548.51,460.301,2.154,-0.024593662,-0.008777351
04/07/2003,538.89,459.6,2.14,-0.017538422,-0.001522917
11/07/2003,554.2,460.074,2.119,0.028410251,0.001031332
18/07/2003,550.25,456.242,2.115,-0.007127391,-0.008329095
25/07/2003,547.39,457.905,2.107,-0.005197637,0.003644995
01/08/2003,555.97,451.48,2.102,0.015674382,-0.014031295
08/08/2003,551.89,457.224,2.089,-0.007338525,0.012722601
15/08/2003,571.92,452.866,2.091,0.036293464,-0.009531433
22/08/2003,582.34,452.251,2.124,0.018219331,-0.001358018
29/08/2003,574.07,452.344,2.122,-0.014201326,0.000205638
05/09/2003,587.11,449.793,2.112,0.022715,-0.005639513
12/09/2003,571.84,454.879,2.104,-0.026008755,0.011307424
19/09/2003,579.85,455.569,2.084,0.014007415,0.001516887
26/09/2003,549.64,459.882,2.113,-0.052099681,0.009467282
03/10/2003,565.03,454.417,2.085,0.028000146,-0.011883483
10/10/2003,565.6,455.232,2.086,0.001008796,0.001793507
17/10/2003,573.18,451.772,2.069,0.013401697,-0.00760052
24/10/2003,557.84,453.31,2.09,-0.026762971,0.003404372
31/10/2003,578.77,452.773,2.081,0.037519719,-0.00118462
07/11/2003,597.5,447.615,2.071,0.032361733,-0.011392022
14/11/2003,597.35,452.438,2.008,-0.000251046,0.010774885
21/11/2003,579.66,454.241,2.072,-0.029614129,0.003985076
28/11/2003,591.4,449.831,2.091,0.020253252,-0.009708503
05/12/2003,600.78,453.544,2.064,0.01586067,0.008254211
12/12/2003,603.78,455.916,2.063,0.004993508,0.005229923
19/12/2003,612.75,456.587,2.048,0.014856405,0.001471762
26/12/2003,612.71,458.38,2.22,-6.52795E-05,0.003926962
02/01/2004,629.22,456.175,2.087,0.026945863,-0.004810419
09/01/2004,629.81,462.966,2.064,0.000937669,0.014886831
16/01/2004,644.82,463.009,2.026,0.023832584,9.28794E-05
23/01/2004,651.22,465.127,2.074,0.00992525,0.004574425
30/01/2004,639.2,460.379,2.065,-0.018457664,-0.010207965
06/02/2004,638.13,464.209,2.051,-0.001673967,0.008319233
13/02/2004,644.26,465.909,2.045,0.009606193,0.003662144
20/02/2004,654.05,465.586,2.049,0.015195728,-0.000693268
27/02/2004,651.54,468.647,2.06,-0.003837627,0.00657451
05/03/2004,663.35,470.924,2.029,0.018126285,0.004858668
12/03/2004,638.22,474.117,2.045,-0.03788347,0.006780287
19/03/2004,623.76,474.932,2.038,-0.022656764,0.001718985
26/03/2004,623.25,476.033,2.074,-0.000817622,0.002318227
02/04/2004,650.61,469.494,2.045,0.043898917,-0.013736443
09/04/2004,645.27,470.154,2.051,-0.008207682,0.001405769
16/04/2004,647.49,469.301,2.053,0.00344042,-0.001814299
23/04/2004,653.74,467.527,2.055,0.009652659,-0.00378009
30/04/2004,632.2,467.828,2.055,-0.032948879,0.000643813
07/05/2004,626.85,464.527,2.024,-0.008462512,-0.007056012
14/05/2004,613.73,464.024,2.048,-0.020930047,-0.001082822
21/05/2004,615.03,465.063,2.051,0.002118195,0.002239108
28/05/2004,627.62,466.125,2.054,0.020470546,0.002283562
04/06/2004,635.32,463.812,2.086,0.01226857,-0.004962188
11/06/2004,642.58,463.139,2.054,0.011427312,-0.001451019
18/06/2004,648.59,465.988,2.055,0.009352921,0.006151501
25/06/2004,649.32,467.186,2.083,0.001125518,0.002570882
02/07/2004,641.71,469.658,2.071,-0.011719953,0.005291254
09/07/2004,639.93,470.725,2.063,-0.002773839,0.002271866
16/07/2004,625.56,472.447,2.064,-0.022455581,0.003658187
23/07/2004,616.38,470.934,2.08,-0.014674851,-0.003202476
30/07/2004,627.86,472.498,2.068,0.018624874,0.00332106
06/08/2004,605.43,477.871,2.05,-0.035724525,0.011371477
13/08/2004,596.5,478.653,2.064,-0.014749847,0.001636425
20/08/2004,607.02,478.702,2.064,0.017636211,0.000102371
27/08/2004,625.42,478.779,2.073,0.030312016,0.000160852
03/09/2004,633.49,476.62,2.058,0.012903329,-0.004509387
10/09/2004,634.98,480.37,2.064,0.00235205,0.007867903
17/09/2004,644.87,481.205,2.064,0.015575294,0.001738243
24/09/2004,633.64,483.378,2.075,-0.017414363,0.004515747
01/10/2004,646.61,482.287,2.072,0.020469036,-0.002257033
08/10/2004,651.31,485.458,2.076,0.007268678,0.006574923
15/10/2004,641.51,487.429,2.074,-0.015046598,0.004060083
22/10/2004,645.1,489.055,2.087,0.005596172,0.00333587
29/10/2004,650.55,489.085,2.087,0.008448303,6.13428E-05
05/11/2004,665.32,488.384,2.087,0.022703866,-0.001433289
12/11/2004,672.88,493.26,2.091,0.011362953,0.009983947
19/11/2004,669.55,493.012,2.095,-0.004948876,-0.000502777
26/11/2004,671.58,496.015,2.106,0.003031887,0.00609113
03/12/2004,674.53,496.634,2.063,0.004392626,0.001247946
10/12/2004,672.77,501.955,2.1,-0.002609224,0.010714128
17/12/2004,669.97,501.657,2.115,-0.004161898,-0.000593679
24/12/2004,683.79,502.684,2.248,0.020627789,0.002047216
31/12/2004,683.76,500.209,2.112,-4.38731E-05,-0.00492357
07/01/2005,690.67,502.962,2.102,0.010105885,0.005503699
14/01/2005,683.6,505.35,2.074,-0.010236437,0.004747874
21/01/2005,681.89,505.139,2.101,-0.002501463,-0.000417532
28/01/2005,685.84,506.152,2.098,0.005792723,0.002005389
04/02/2005,705.9,508.134,2.097,0.029248804,0.00391582
11/02/2005,715.89,509.485,2.094,0.014152146,0.002658747
18/02/2005,714.02,503.243,2.089,-0.002612133,-0.012251587
25/02/2005,711.85,501.985,2.088,-0.003039131,-0.002499786
04/03/2005,722.11,503.412,2.078,0.014413149,0.002842714
11/03/2005,711.3,501.166,2.082,-0.014970018,-0.004461554
18/03/2005,709.72,503.368,2.086,-0.002221285,0.004393754
25/03/2005,711.37,503.091,2.094,0.002324861,-0.000550293
01/04/2005,711.71,507.504,2.092,0.000477951,0.008771773
08/04/2005,719.43,508.359,2.092,0.010847115,0.001684716
15/04/2005,702.45,511.611,2.092,-0.023602018,0.006397054
22/04/2005,694.58,513.12,2.092,-0.011203644,0.002949507
29/04/2005,687.31,515.641,2.093,-0.010466757,0.004913081
06/05/2005,709.63,514.536,2.097,0.032474429,-0.002142964
13/05/2005,704.83,519.608,2.092,-0.006764088,0.009857425
20/05/2005,719.16,518.527,2.092,0.020331144,-0.002080414
27/05/2005,729.49,520.448,2.1,0.01436398,0.003704725
03/06/2005,738.59,524.95,2.095,0.012474468,0.00865024
10/06/2005,746.17,527.534,2.093,0.010262798,0.004922374
17/06/2005,754.39,522.883,2.093,0.011016256,-0.008816493
24/06/2005,752.07,528.751,2.108,-0.003075332,0.011222396
01/07/2005,763.75,528.594,2.099,0.015530469,-0.000296926
08/07/2005,767.67,527.853,2.1,0.00513257,-0.001401832
15/07/2005,780.73,524.336,2.098,0.017012518,-0.00666284
22/07/2005,784.12,526.567,2.101,0.00434209,0.004254905
29/07/2005,792.12,526.248,2.101,0.01020252,-0.000605811
05/08/2005,781.87,522.083,2.101,-0.012939959,-0.007914519
12/08/2005,795.27,525.247,2.101,0.017138399,0.006060339
19/08/2005,793.99,528.943,2.099,-0.001609516,0.007036689
26/08/2005,769.48,530.824,2.102,-0.030869406,0.003556149
02/09/2005,781.49,534.913,2.102,0.015607943,0.007703118
09/09/2005,801.84,535.588,2.102,0.026040001,0.001261887
16/09/2005,803.49,532.341,2.103,0.002057767,-0.006062496
23/09/2005,795.13,535.47,2.117,-0.01040461,0.005877811
30/09/2005,818.27,532.085,2.107,0.029102159,-0.006321549
07/10/2005,805.29,531.238,2.104,-0.015862735,-0.001591851
14/10/2005,799.62,528.07,2.103,-0.007040942,-0.005963429
21/10/2005,780.87,530.129,2.101,-0.023448638,0.003899104
28/10/2005,775.43,524.208,2.1,-0.006966589,-0.01116898
04/11/2005,802,520.668,2.095,0.034264859,-0.006753045
11/11/2005,814.18,520.575,2.097,0.015187032,-0.000178617
18/11/2005,819.19,519.617,2.101,0.00615343,-0.001840273
25/11/2005,829.32,525.438,2.156,0.012365874,0.011202482
02/12/2005,842.17,526.142,2.343,0.015494622,0.001339835
09/12/2005,837.65,524.988,2.344,-0.005367087,-0.002193324
16/12/2005,851.04,528.266,2.352,0.015985197,0.006243952
23/12/2005,861.26,527.707,2.472,0.012008836,-0.001058179
30/12/2005,856.35,530.167,2.362,-0.00570095,0.004661678
06/01/2006,877.7,531.943,2.361,0.024931395,0.003349888
13/01/2006,868.98,531.96,2.342,-0.009935058,3.19583E-05
20/01/2006,850.2,528.863,2.354,-0.021611545,-0.005821866
27/01/2006,882.98,524.405,2.355,0.038555634,-0.008429404
03/02/2006,881.58,524.546,2.368,-0.00158554,0.000268876
10/02/2006,885.69,526.193,2.365,0.004662084,0.003139858
17/02/2006,902.96,526.623,2.367,0.019498922,0.000817191
24/02/2006,916.93,525.69,2.392,0.015471339,-0.001771666
03/03/2006,895.05,521.772,2.583,-0.023862236,-0.007453062
10/03/2006,910.52,519.333,2.604,0.017283951,-0.004674456
17/03/2006,918.66,519.103,2.609,0.008939946,-0.000442876
24/03/2006,927.88,521.214,2.63,0.010036357,0.00406663
31/03/2006,924.72,516.828,2.622,-0.003405613,-0.00841497
07/04/2006,917.37,513.177,2.643,-0.007948352,-0.007064246
14/04/2006,907.97,510.929,2.621,-0.010246683,-0.004380555
21/04/2006,934.75,511.796,2.643,0.029494367,0.001696909
28/04/2006,924.38,511.285,2.637,-0.011093875,-0.000998445
05/05/2006,937.46,510.811,2.595,0.014150025,-0.000927076
12/05/2006,910.78,509.382,2.623,-0.028459881,-0.002797512
19/05/2006,881.63,513.431,2.623,-0.032005534,0.007948848
26/05/2006,901.47,517.173,2.625,0.022503771,0.007288224
02/06/2006,888.55,515.412,2.612,-0.014332146,-0.00340505
09/06/2006,862.06,515.866,2.754,-0.029812616,0.000880849
16/06/2006,847.99,516.087,2.862,-0.01632137,0.000428406
23/06/2006,871.13,511.106,2.889,0.027288058,-0.009651473
30/06/2006,895.36,512.049,2.846,0.027814448,0.001845018
07/07/2006,896.6,512.331,2.842,0.001384918,0.000550729
14/07/2006,861.67,516.023,2.852,-0.038958287,0.007206279
21/07/2006,873.67,517.433,2.854,0.013926445,0.002732436
28/07/2006,911.37,518.787,2.818,0.043151304,0.002616764
04/08/2006,914.04,519.716,3.038,0.002929655,0.001790716
11/08/2006,904.5,517.444,3.091,-0.01043718,-0.004371618
18/08/2006,933.3,520.467,3.091,0.031840796,0.005842178
25/08/2006,930.78,524.8,3.043,-0.002700096,0.008325216
01/09/2006,940.56,527.019,3.071,0.010507316,0.004228277
08/09/2006,923.13,525.6,3.079,-0.018531513,-0.002692503
15/09/2006,938.51,526.142,3.073,0.016660709,0.001031202
22/09/2006,938.66,529.755,3.059,0.000159828,0.006866967
29/09/2006,960,529.144,3.083,0.022734536,-0.001153363
06/10/2006,970.07,527.869,3.305,0.010489583,-0.002409552
13/10/2006,984.76,525.546,3.334,0.015143237,-0.004400713
20/10/2006,984.54,525.594,3.349,-0.000223405,9.13336E-05
27/10/2006,989.95,526.843,3.366,0.005494952,0.002376359
03/11/2006,984.07,528.74,3.362,-0.005939694,0.003600693
10/11/2006,1002.78,531.292,3.354,0.019012875,0.004826569
17/11/2006,1007.71,531.335,3.346,0.004916333,8.09348E-05
24/11/2006,1000.24,532.851,3.337,-0.007412847,0.002853191
01/12/2006,971.6,534.54,3.335,-0.028633128,0.003169742
08/12/2006,993.29,532.092,3.551,0.022324002,-0.004579639
15/12/2006,1023.14,529.254,3.612,0.030051647,-0.005333664
22/12/2006,1006.54,526.149,3.749,-0.016224564,-0.005866748
29/12/2006,1018.02,524.331,3.624,0.011405409,-0.003455295
05/01/2007,1020.66,524.205,3.608,0.002593269,-0.000240306
12/01/2007,1032.26,522.174,3.578,0.011365195,-0.003874438
19/01/2007,1031.83,522.89,3.592,-0.000416562,0.00137119
26/01/2007,1026.46,522.032,3.594,-0.005204346,-0.00164088
02/02/2007,1046.41,523.617,3.586,0.019435731,0.003036212
09/02/2007,1051.33,522.79,3.584,0.00470179,-0.001579399
16/02/2007,1051.12,524.609,3.586,-0.000199747,0.003479409
23/02/2007,1050.77,525.216,3.591,-0.000332978,0.001157052
02/03/2007,992.77,529.613,3.58,-0.055197617,0.008371794
09/03/2007,1012.58,529.451,3.794,0.019954269,-0.000305884
16/03/2007,986.27,531.372,3.838,-0.025983132,0.003628287
23/03/2007,1037.51,528.322,3.859,0.051953319,-0.005739858
30/03/2007,1035.23,526.501,3.857,-0.002197569,-0.003446762
06/04/2007,1058.32,525.803,3.84,0.022304222,-0.001325733
13/04/2007,1070.08,521.294,3.828,0.011111951,-0.008575455
20/04/2007,1095.51,522.69,3.849,0.023764578,0.002677951
27/04/2007,1090.67,522.461,3.848,-0.004418034,-0.000438118
04/05/2007,1111.92,523.732,3.844,0.019483437,0.002432717
11/05/2007,1107.37,523.739,3.849,-0.004092021,1.33656E-05
18/05/2007,1124.62,520.647,3.853,0.015577449,-0.005903704
25/05/2007,1128.74,518.358,3.859,0.00366346,-0.004396453
01/06/2007,1152.79,516.211,3.806,0.021306944,-0.004141925
08/06/2007,1109.16,513.046,4.065,-0.03784731,-0.006131214
15/06/2007,1153.41,510.634,4.096,0.039895056,-0.004701333
22/06/2007,1136.9,511.006,4.123,-0.014314077,0.000728506
29/06/2007,1139.54,513.667,4.084,0.002322104,0.005207375
06/07/2007,1148.93,510.743,4.084,0.008240167,-0.005692404
13/07/2007,1153.8,512.337,4.091,0.004238726,0.003120943
20/07/2007,1129.07,518.96,4.089,-0.021433524,0.012927038
27/07/2007,1078.11,523.021,4.086,-0.045134491,0.007825266
03/08/2007,1075.1,523.588,4.088,-0.002791923,0.001084086
10/08/2007,1059.24,523.551,4.225,-0.014752116,-7.06662E-05
17/08/2007,1058.2,526.496,4.132,-0.000981836,0.005625049
24/08/2007,1078.93,527.686,4.156,0.01958987,0.002260226
31/08/2007,1093.16,528.659,4.202,0.013188993,0.0018439
07/09/2007,1059.53,533.57,4.154,-0.030764024,0.009289542
14/09/2007,1074.53,532.019,4.103,0.014157221,-0.002906835
21/09/2007,1112.46,526.308,4.258,0.035299154,-0.010734579
28/09/2007,1115.35,527.789,4.137,0.002597846,0.002813942
05/10/2007,1134.08,528.282,4.115,0.016792935,0.000934085
12/10/2007,1139.62,525.729,4.051,0.004885017,-0.004832646
19/10/2007,1123.14,532.916,4.09,-0.014460961,0.013670541
26/10/2007,1131.22,535.048,4.117,0.007194116,0.00400063
02/11/2007,1124.11,535.229,4.103,-0.00628525,0.000338287
09/11/2007,1095.5,538.989,4.099,-0.025451246,0.00702503
16/11/2007,1093.35,538.869,4.109,-0.001962574,-0.000222639
23/11/2007,1090.21,541.812,4.174,-0.002871907,0.005461439
30/11/2007,1122.63,538.386,4.109,0.02973739,-0.006323227
07/12/2007,1135.76,536.568,4.081,0.01169575,-0.003376759
14/12/2007,1120,533.005,4.113,-0.013876171,-0.006640351
21/12/2007,1120.08,533.372,4.548,7.14286E-05,0.000688549
28/12/2007,1125.22,534.116,4.163,0.004588958,0.001394899
04/01/2008,1091.17,541.916,4.139,-0.030260749,0.014603569
11/01/2008,1079.89,542.888,4.131,-0.010337528,0.001793636
18/01/2008,1021.26,548.871,4.118,-0.054292567,0.011020689
25/01/2008,966.16,548.389,4.124,-0.05395296,-0.000878166
01/02/2008,989.67,551.632,4.152,0.024333444,0.005913685
08/02/2008,947.12,555.049,4.108,-0.042994129,0.006194347
15/02/2008,951.75,552.031,4.114,0.004888504,-0.005437358
22/02/2008,956.31,550.167,4.116,0.004791174,-0.003376622
29/02/2008,953.09,555.182,4.111,-0.003367109,0.009115414
07/03/2008,915.35,554.957,4.111,-0.03959752,-0.000405273
14/03/2008,912.77,557.459,4.15,-0.002818594,0.004508457
21/03/2008,897.24,557.127,4.279,-0.017014144,-0.000595559
28/03/2008,932.19,550.732,4.253,0.038952789,-0.011478532
04/04/2008,971.66,551.454,4.209,0.042341154,0.001310982
11/04/2008,948.66,553.256,4.227,-0.023670831,0.003267725
18/04/2008,978.05,544.766,4.222,0.030980541,-0.015345518
25/04/2008,978.57,544.388,4.255,0.00053167,-0.000693876
02/05/2008,1003.4,544.03,4.264,0.02537376,-0.000657619
09/05/2008,986.58,551.87,4.212,-0.016763006,0.01441097
16/05/2008,1006.24,546.211,4.184,0.019927426,-0.010254227
23/05/2008,978.47,543.19,4.221,-0.02759779,-0.00553083
30/05/2008,996.45,537.994,4.214,0.018375627,-0.009565714
06/06/2008,949.24,537.49,4.159,-0.047378193,-0.000936813
13/06/2008,940.25,527.65,4.125,-0.009470734,-0.018307317
20/06/2008,904.65,529.58,4.428,-0.037862271,0.003657728
27/06/2008,882.47,533.554,4.134,-0.024517769,0.00750406
04/07/2008,865.58,535.08,4.277,-0.019139461,0.002860067
11/07/2008,845.61,538.257,4.345,-0.023071235,0.00593743
18/07/2008,878.33,532.19,4.358,0.038693961,-0.011271567
25/07/2008,886.16,532.649,4.405,0.008914645,0.000862474
01/08/2008,877.45,541.97,4.394,-0.009828925,0.017499329
08/08/2008,901.96,547.868,4.396,0.027933216,0.010882521
15/08/2008,891.91,551.254,4.392,-0.011142401,0.006180321
22/08/2008,877.29,548.944,4.405,-0.016391788,-0.004190446
29/08/2008,891.39,550.068,4.398,0.016072222,0.002047568
05/09/2008,843.87,557.056,4.402,-0.053309999,0.012703884
12/09/2008,868.88,550.467,4.401,0.029637266,-0.011828254
19/09/2008,862.39,548.244,4.546,-0.007469386,-0.004038389
26/09/2008,837.45,550.605,4.792,-0.02891963,0.004306477
03/10/2008,826.13,558.664,4.868,-0.013517225,0.014636627
10/10/2008,642.83,556.71,4.629,-0.221877913,-0.00349763
17/10/2008,672.11,558.287,4.015,0.04554859,0.002832714
24/10/2008,619.32,565.938,3.921,-0.078543691,0.013704421
31/10/2008,687.92,555.194,3.836,0.110766647,-0.018984412
07/11/2008,691.42,568.932,3.484,0.005087801,0.024744504
14/11/2008,654.91,573.02,3.265,-0.052804374,0.007185393
21/11/2008,577.46,580.777,3.196,-0.118260524,0.013537049
28/11/2008,649.09,582.974,3.145,0.124043224,0.003782863
05/12/2008,601.6,588.785,2.697,-0.073163968,0.009967854
12/12/2008,646.16,577.699,2.441,0.074069149,-0.018828605
19/12/2008,653.04,588.376,2.299,0.010647518,0.018481943
26/12/2008,635.21,591.558,2.54,-0.027303075,0.005408106
02/01/2009,677.98,592.765,2.357,0.067332063,0.002040375
09/01/2009,664.65,591.75,2.217,-0.019661347,-0.001712314
16/01/2009,610.31,590.37,1.952,-0.081757316,-0.002332066
23/01/2009,574.58,576.542,1.493,-0.058544019,-0.023422599
30/01/2009,599.1,579.34,1.433,0.042674649,0.004853072
06/02/2009,628.2,582.236,1.391,0.048572859,0.004998792
13/02/2009,597.28,588.731,1.365,-0.049219994,0.01115527
20/02/2009,539.27,592.933,1.349,-0.097123627,0.007137385
27/02/2009,529.77,588.44,1.332,-0.017616407,-0.007577585
06/03/2009,487.15,595.675,1.169,-0.080450007,0.012295221
13/03/2009,527.97,592.676,0.957,0.083793493,-0.005034625
20/03/2009,549.8,598.573,0.932,0.041347046,0.009949787
27/03/2009,567.98,596.312,1.017,0.03306657,-0.003777317
03/04/2009,589.79,592.582,0.947,0.038399239,-0.006255115
10/04/2009,603.26,592.668,0.871,0.022838637,0.000145128
17/04/2009,628.54,594.335,0.888,0.041905646,0.002812705
24/04/2009,626.96,598.785,0.922,-0.002513762,0.00748736
01/05/2009,643.09,599.631,0.803,0.025727319,0.001412861
08/05/2009,673.14,596.149,0.706,0.046727519,-0.005806905
15/05/2009,649.04,597.195,0.687,-0.035802359,0.001754595
22/05/2009,672.62,593.598,0.906,0.036330581,-0.006023158
29/05/2009,678.28,589.749,0.898,0.008414855,-0.006484186
05/06/2009,693.45,584.574,0.859,0.022365395,-0.008774919
12/06/2009,695.34,588.802,0.91,0.002725503,0.007232617
19/06/2009,674.71,593.745,0.877,-0.029668939,0.008395012
26/06/2009,663.35,599.151,0.537,-0.016836863,0.009104919
03/07/2009,659.95,603.189,0.439,-0.005125499,0.006739536
10/07/2009,633.96,604.701,0.4,-0.039381771,0.002506677
17/07/2009,686.13,602.679,0.369,0.082292258,-0.003343801
24/07/2009,717.68,603.832,0.366,0.04598254,0.001913125
31/07/2009,733.07,613.216,0.354,0.021444098,0.015540746
07/08/2009,752.59,606.474,0.352,0.026627744,-0.010994495
14/08/2009,742.35,613.234,0.352,-0.013606346,0.011146397
21/08/2009,763.61,614.674,0.345,0.028638782,0.002348206
28/08/2009,780.36,617.032,0.341,0.021935281,0.00383618
04/09/2009,763.57,615.131,0.337,-0.021515711,-0.003080877
11/09/2009,788.08,618.506,0.34,0.032099218,0.005486636
18/09/2009,803.63,615.428,0.34,0.019731499,-0.004976508
25/09/2009,788.85,620.287,0.349,-0.018391548,0.007895318
02/10/2009,768.98,622.677,0.351,-0.025188566,0.003853055
09/10/2009,802.85,621.783,0.352,0.044045359,-0.001435736
16/10/2009,806.67,618.554,0.351,0.004758049,-0.00519313
23/10/2009,804.6,618.548,0.351,-0.002566105,-9.70004E-06
30/10/2009,764.85,623.142,0.353,-0.04940343,0.007427071
06/11/2009,779,619.726,0.359,0.01850036,-0.005481897
13/11/2009,806.12,621.274,0.362,0.034813864,0.002497878
20/11/2009,792.41,623.58,0.369,-0.017007393,0.003711728
27/11/2009,792.25,626.245,0.374,-0.000201916,0.00427371
04/12/2009,814.41,625.387,0.382,0.027970969,-0.001370071
11/12/2009,800.97,624.529,0.381,-0.016502744,-0.00137195
18/12/2009,804.15,626.979,0.374,0.003970186,0.003922956
25/12/2009,828.35,622.433,0.429,0.030093888,-0.007250642
01/01/2010,831.03,619.479,0.377,0.003235347,-0.004745892
08/01/2010,845.86,622.321,0.362,0.017845324,0.004587726
15/01/2010,824.11,623.613,0.357,-0.025713475,0.002076099
22/01/2010,795.11,623.693,0.348,-0.035189477,0.000128285
29/01/2010,778.96,622.085,0.344,-0.020311655,-0.002578192
05/02/2010,738.72,624.547,0.348,-0.051658622,0.003957659
12/02/2010,750.9,627.355,0.344,0.016487979,0.004496059
19/02/2010,784.35,624.768,0.345,0.044546544,-0.004123662
26/02/2010,766.12,631.067,0.341,-0.023242175,0.010082142
05/03/2010,807.95,632.065,0.344,0.054599802,0.001581449
12/03/2010,813.98,632.814,0.339,0.007463333,0.001185005
19/03/2010,813.87,633.955,0.336,-0.000135138,0.001803057
26/03/2010,825.94,633.824,0.344,0.014830378,-0.000206639
02/04/2010,836.84,636.224,0.344,0.013197085,0.00378654
09/04/2010,841.07,632.701,0.346,0.00505473,-0.005537358
16/04/2010,829.02,634.963,0.347,-0.014326988,0.003575148
23/04/2010,820.89,629.684,0.347,-0.00980676,-0.00831387
30/04/2010,794.08,628.759,0.35,-0.032659674,-0.001468991
07/05/2010,712.92,618.812,0.362,-0.102206327,-0.015820052
14/05/2010,753.11,638.715,0.361,0.056373787,0.032163242
21/05/2010,738.36,642.898,0.362,-0.019585452,0.006549087
28/05/2010,753.71,639.993,0.361,0.020789317,-0.004518602
04/06/2010,736.37,634.679,0.364,-0.023006196,-0.008303216
11/06/2010,761.27,638.793,0.367,0.033814523,0.006482017
18/06/2010,790.99,632.856,0.366,0.039040025,-0.009294091
25/06/2010,760.45,633.054,0.396,-0.038609843,0.000312867
02/07/2010,729.54,636.508,0.452,-0.040646985,0.005456091
09/07/2010,775.66,637.164,0.491,0.063217918,0.001030623
16/07/2010,765.53,637.944,0.545,-0.013059846,0.001224175
23/07/2010,786.81,638.084,0.582,0.027797735,0.000219455
30/07/2010,793.47,642.509,0.577,0.008464559,0.006934824
06/08/2010,804.82,650.783,0.568,0.014304259,0.012877641
13/08/2010,784.53,650.547,0.55,-0.025210606,-0.00036264
20/08/2010,765.85,656.357,0.528,-0.023810434,0.008930946
27/08/2010,761.9,656.679,0.515,-0.005157668,0.000490587
03/09/2010,796.16,653.769,0.511,0.044966531,-0.004431389
10/09/2010,806.07,650.711,0.501,0.012447247,-0.004677493
17/09/2010,799.39,646.323,0.503,-0.008287121,-0.006743393
24/09/2010,810.29,649.083,0.515,0.013635397,0.004270311
01/10/2010,792.93,651.646,0.64,-0.021424428,0.003948648
08/10/2010,808.17,655.367,0.694,0.019219855,0.005710156
15/10/2010,825.16,654.755,0.734,0.021022805,-0.000933828
22/10/2010,834.48,648.882,0.798,0.011294779,-0.008969767
29/10/2010,826.13,645.98,0.779,-0.010006231,-0.004472308
05/11/2010,835.12,645.627,0.781,0.010882065,-0.000546457
12/11/2010,822.93,639.075,0.806,-0.014596705,-0.010148274
19/11/2010,829.79,632.614,0.711,0.008336067,-0.010109925
26/11/2010,798.39,626.854,0.604,-0.0378409,-0.009105078
03/12/2010,812.04,627.051,0.675,0.017096908,0.000314268
10/12/2010,828.71,623.09,0.691,0.020528545,-0.006316871
17/12/2010,823.67,619.145,0.613,-0.006081742,-0.006331349
24/12/2010,835.39,619.78,0.666,0.014228999,0.001025608
31/12/2010,815.22,618.676,0.612,-0.024144412,-0.001781277
07/01/2011,819.72,620.006,0.552,0.005519982,0.002149752
14/01/2011,852.9,621.771,0.647,0.040477236,0.002846747
21/01/2011,868.06,618.247,0.746,0.017774651,-0.005667682
28/01/2011,864.47,616.489,0.897,-0.004135659,-0.002843524
04/02/2011,878.83,619.412,0.865,0.016611334,0.004741366
11/02/2011,885.19,615.845,0.942,0.007236895,-0.005758687
18/02/2011,898.03,616.472,0.743,0.01450536,0.001018113
25/02/2011,873.74,617.821,0.705,-0.027048094,0.002188258
04/03/2011,863.25,614.362,0.848,-0.01200586,-0.005598709
11/03/2011,844.28,616.664,0.853,-0.021975094,0.003746977
18/03/2011,817.58,621.597,0.781,-0.03162458,0.007999494
25/03/2011,852.33,617.34,0.806,0.042503486,-0.006848489
01/04/2011,867.79,612.495,0.777,0.018138514,-0.007848187
08/04/2011,874.55,612.638,1.03,0.007789903,0.000233471
15/04/2011,856.17,613.665,1.151,-0.021016523,0.001676357
22/04/2011,862.87,613.838,1.198,0.007825549,0.000281913
29/04/2011,886.56,616.743,1.226,0.027454889,0.004732519
06/05/2011,877.82,619.549,1.216,-0.009858329,0.004549707
13/05/2011,864.02,622.753,1.174,-0.015720763,0.005171504
20/05/2011,854.73,621.63,1.189,-0.010752066,-0.001803283
27/05/2011,848.31,624.701,1.122,-0.007511144,0.004940238
03/06/2011,839.88,626.554,1.017,-0.009937405,0.002966219
10/06/2011,823.96,624.513,1.248,-0.018955089,-0.003257501
17/06/2011,835.56,623.159,1.289,0.014078353,-0.002168089
24/06/2011,819.8,622.321,1.203,-0.018861602,-0.001344761
01/07/2011,868.11,621.981,1.177,0.058929007,-0.000546342
08/07/2011,843.07,617.634,1.367,-0.028844271,-0.006988959
15/07/2011,808.77,611.934,1.461,-0.040684641,-0.009228767
22/07/2011,838.16,619.163,1.3,0.036339132,0.011813365
29/07/2011,807.25,621.012,1.212,-0.0368784,0.00298629
05/08/2011,718.55,623.982,1.275,-0.10987922,0.004782516
12/08/2011,698.22,644.265,1.161,-0.02829309,0.032505745
19/08/2011,653.42,652.081,1.118,-0.064163158,0.012131654
26/08/2011,662.99,652.586,1.108,0.014646016,0.000774444
02/09/2011,672.15,654.163,1.092,0.013816196,0.00241654
09/09/2011,628.22,656.929,1.092,-0.065357435,0.004228304
16/09/2011,654.16,653.42,1.111,0.041291267,-0.005341521
23/09/2011,615.07,654.355,1.182,-0.059756023,0.001430933
30/09/2011,661.96,655.085,1.208,0.076235225,0.001115602
07/10/2011,689.15,652.438,1.178,0.041074989,-0.004040697
14/10/2011,715.36,640.007,1.174,0.038032359,-0.019053151
21/10/2011,710.46,637.771,1.158,-0.006849698,-0.003493712
28/10/2011,748.41,637.209,1.136,0.053416097,-0.000881194
04/11/2011,696.53,639.834,1.028,-0.069320292,0.004119528
11/11/2011,709.1,631.71,0.926,0.018046602,-0.012697043
18/11/2011,682.29,624.204,0.906,-0.03780849,-0.011882034
25/11/2011,644.35,605.473,0.911,-0.055606853,-0.030007818
02/12/2011,715.04,627.24,0.892,0.109707457,0.035950406
09/12/2011,715.07,630.339,0.831,4.19557E-05,0.004940693
16/12/2011,672.52,640.391,0.76,-0.059504664,0.015946975
23/12/2011,699.97,640.673,0.853,0.04081663,0.000440356
30/12/2011,707.98,643.036,0.677,0.011443348,0.003688309
06/01/2012,702.78,634.957,0.564,-0.00734484,-0.012563838
13/01/2012,715.33,648.185,0.483,0.017857651,0.020832907
20/01/2012,743.1,651.606,0.433,0.038821243,0.005277814
27/01/2012,747.43,661.172,0.41,0.005826941,0.014680651
03/02/2012,771.52,666.072,0.387,0.032230443,0.007411082
10/02/2012,760.97,666.54,0.373,-0.013674305,0.000702627
17/02/2012,773.36,665.17,0.368,0.016281851,-0.002055391
24/02/2012,774.4,669.253,0.361,0.001344781,0.00613828
02/03/2012,781.29,680.3,0.334,0.008897211,0.016506463
09/03/2012,772.2,680.585,0.318,-0.011634604,0.000418933
16/03/2012,800.54,674.196,0.32,0.036700337,-0.009387512
23/03/2012,775.75,674.159,0.32,-0.030966598,-5.48802E-05
30/03/2012,760.96,675.951,0.316,-0.019065421,0.002658127
06/04/2012,735.97,671.145,0.317,-0.032840097,-0.007109983
13/04/2012,705.92,671.939,0.315,-0.040830469,0.001183053
20/04/2012,713.33,668.943,0.319,0.01049694,-0.004458738
27/04/2012,725.2,671.609,0.316,0.016640265,0.003985392
04/05/2012,700.72,679.208,0.318,-0.033756205,0.011314619
11/05/2012,707.47,679.281,0.317,0.009632949,0.000107478
18/05/2012,675.42,675.187,0.318,-0.045302274,-0.006026961
25/05/2012,683.96,682.051,0.318,0.012643984,0.010166073
01/06/2012,655.47,687.491,0.317,-0.041654483,0.007975943
08/06/2012,680.14,683.993,0.319,0.037637115,-0.005088067
15/06/2012,692.28,674.952,0.32,0.017849266,-0.013217972
22/06/2012,695.88,678.656,0.323,0.005200208,0.005487798
29/06/2012,720.67,678.54,0.323,0.035623958,-0.000170926
06/07/2012,711.91,685.723,0.208,-0.012155355,0.010585964
13/07/2012,720.47,690.593,0.127,0.012023992,0.007101993
20/07/2012,713.54,690.886,0.113,-0.009618721,0.000424273
27/07/2012,733.91,689.107,0.107,0.028547804,-0.002574954
03/08/2012,756.67,691.648,0.097,0.031011977,0.003687381
10/08/2012,773.02,694.443,0.097,0.021607834,0.004041073
17/08/2012,788.43,694.109,0.095,0.019934801,-0.000480961
24/08/2012,776.68,698.832,0.092,-0.014903035,0.006804407
31/08/2012,778.75,695.651,0.09,0.00266519,-0.004551881
07/09/2012,810.58,707.022,0.088,0.040873194,0.01634584
14/09/2012,828.45,704.955,0.086,0.022045942,-0.00292353
21/09/2012,822.87,707.55,0.084,-0.00673547,0.003681086
28/09/2012,785.63,710.053,0.083,-0.045256237,0.003537559
05/10/2012,810.55,712.433,0.081,0.031719766,0.003351862
12/10/2012,790.66,717.42,0.081,-0.024538893,0.006999956
19/10/2012,814.88,718.252,0.079,0.030632636,0.001159711
26/10/2012,800.09,716.714,0.08,-0.018149912,-0.00214131
02/11/2012,816.54,718.484,0.079,0.020560187,0.002469604
09/11/2012,795.16,721.44,0.079,-0.026183653,0.004114218
16/11/2012,778.47,724.047,0.078,-0.020989486,0.003613606
23/11/2012,820.15,724.19,0.077,0.05354092,0.000197501
30/11/2012,826.15,731.667,0.077,0.007315735,0.010324639
07/12/2012,834.53,733.669,0.077,0.010143436,0.002736217
14/12/2012,843.89,732.766,0.077,0.011215894,-0.0012308
21/12/2012,851.2,735.174,0.088,0.008662266,0.003286179
28/12/2012,843.61,736.055,0.082,-0.008916823,0.001198356
04/01/2013,870.46,733.415,0.08,0.031827503,-0.003586688
11/01/2013,873.46,736.338,0.08,0.003446454,0.003985465
18/01/2013,871.67,736.535,0.08,-0.002049321,0.00026754
25/01/2013,884.16,735.376,0.081,0.014328817,-0.001573584
01/02/2013,873.18,732.648,0.084,-0.012418567,-0.003709667
08/02/2013,847.67,731.592,0.082,-0.029215053,-0.001441347
15/02/2013,842.83,733.186,0.081,-0.005709769,0.00217881
22/02/2013,847.6,735.328,0.081,0.005659504,0.002921496
01/03/2013,843.31,737.517,0.08,-0.00506135,0.002976903
08/03/2013,879.59,739.743,0.079,0.043020953,0.003018236
15/03/2013,878.6,741.395,0.079,-0.001125524,0.002233208
22/03/2013,865.09,744.796,0.088,-0.015376736,0.004587298
29/03/2013,846.5,742.698,0.083,-0.021489094,-0.002816879
05/04/2013,834,754.559,0.083,-0.014766686,0.015970152
12/04/2013,851.87,753.785,0.082,0.021426859,-0.001025765
19/04/2013,833.54,756.472,0.082,-0.021517368,0.003564677
26/04/2013,871.37,761.684,0.083,0.045384745,0.006889878
03/05/2013,901.43,766.526,0.083,0.034497401,0.006356967
10/05/2013,914.39,760.487,0.083,0.014377156,-0.007878402
17/05/2013,927.85,763.848,0.082,0.014720196,0.004419536
24/05/2013,912.96,756.311,0.083,-0.016047853,-0.009867146
31/05/2013,915.17,752.452,0.087,0.002420698,-0.005102398
07/06/2013,900.76,749.7,0.089,-0.015745708,-0.003657376
14/06/2013,882.29,750.338,0.09,-0.020504907,0.000851007
21/06/2013,843.51,736.837,0.102,-0.043953802,-0.017993224
28/06/2013,862.36,737.737,0.094,0.022347097,0.001221437
05/07/2013,860.61,741.934,0.093,-0.002029315,0.005689019
12/07/2013,887.06,745.969,0.097,0.030734014,0.005438489
19/07/2013,901.66,748.507,0.098,0.016458864,0.003402286
26/07/2013,910.22,744.898,0.109,0.009493601,-0.004821598
02/08/2013,933.14,747.932,0.105,0.025180726,0.004073041
09/08/2013,938.22,748.958,0.102,0.005443985,0.001371782
16/08/2013,947.74,743.513,0.101,0.010146874,-0.007270101
23/08/2013,938.37,738.862,0.105,-0.009886678,-0.006255439
30/08/2013,903.68,740.423,0.098,-0.03696836,0.002112708
06/09/2013,930.93,736.25,0.098,0.030154479,-0.005635968
13/09/2013,952.08,737.194,0.096,0.022719216,0.001282173
20/09/2013,972.03,743.455,0.099,0.020954122,0.008493015
27/09/2013,970.94,747.077,0.098,-0.001121365,0.004871848
04/10/2013,974.23,749.724,0.099,0.003388469,0.003543142
11/10/2013,989.52,749.711,0.098,0.015694446,-1.73397E-05
18/10/2013,1010.09,752.664,0.098,0.020787857,0.003938851
25/10/2013,1010.48,756.464,0.102,0.000386104,0.005048734
01/11/2013,1016.36,762.26,0.102,0.005819017,0.007661964
08/11/2013,1011.7,759.708,0.098,-0.00458499,-0.003347939
15/11/2013,1019.33,762.209,0.097,0.007541761,0.003292054
22/11/2013,1019.81,761.996,0.114,0.000470898,-0.000279451
29/11/2013,1030.22,764.273,0.125,0.010207784,0.002988205
06/12/2013,994.92,757.77,0.137,-0.034264526,-0.00850874
13/12/2013,975.55,760.278,0.157,-0.019468902,0.003309711
20/12/2013,1018.85,758.531,0.182,0.044385219,-0.002297844
27/12/2013,1039.79,754.312,0.254,0.020552584,-0.005562067
03/01/2014,1027.44,760.34,0.177,-0.011877398,0.007991388
10/01/2014,1037.38,763.479,0.175,0.009674531,0.004128416
17/01/2014,1055.36,769.532,0.227,0.017332125,0.007928181
24/01/2014,1013.23,770.892,0.211,-0.039920027,0.001767308
31/01/2014,1009.81,777.879,0.188,-0.003375344,0.009063526
07/02/2014,1018.27,779.321,0.19,0.008377814,0.001853759
14/02/2014,1045.26,779.018,0.19,0.02650574,-0.0003888
21/02/2014,1049.49,781.367,0.192,0.00404684,0.003015335
28/02/2014,1055.38,785.003,0.184,0.00561225,0.004653383
07/03/2014,1037.48,786.002,0.191,-0.016960716,0.001272607
14/03/2014,1007.09,790.26,0.191,-0.029292131,0.005417289
21/03/2014,1037.88,788.253,0.204,0.030573236,-0.00253967
28/03/2014,1064.11,794.194,0.199,0.025272671,0.00753692
04/04/2014,1084.07,797.714,0.212,0.018757459,0.004432166
11/04/2014,1047.05,798.567,0.223,-0.034149086,0.001069306
18/04/2014,1061.73,801.341,0.213,0.014020343,0.003473722
25/04/2014,1059.58,802.31,0.252,-0.002024997,0.001209223
02/05/2014,1073.98,805.639,0.225,0.01359029,0.004149269
09/05/2014,1081.38,808.226,0.242,0.006890259,0.003211116
16/05/2014,1082.48,810.689,0.23,0.001017219,0.003047415
23/05/2014,1096.69,808.197,0.278,0.013127263,-0.003073928
30/05/2014,1111.95,814.155,0.242,0.013914598,0.007371965
06/06/2014,1130.33,820.793,0.161,0.01652952,0.008153239
13/06/2014,1126.71,819.979,0.079,-0.003202605,-0.000991724
20/06/2014,1133.64,820.188,0.055,0.006150651,0.000254885
27/06/2014,1109.2,826.102,0.056,-0.021558872,0.007210542
04/07/2014,1124.26,827.536,0.049,0.013577353,0.001735863
11/07/2014,1085.53,827.642,0.048,-0.034449327,0.000128091
18/07/2014,1088.97,831.823,0.047,0.003168959,0.005051701
25/07/2014,1092.68,834.498,0.064,0.003406889,0.003215828
01/08/2014,1057.43,834.651,0.049,-0.032260131,0.000183344
08/08/2014,1035.05,836.417,0.04,-0.021164522,0.002115854
15/08/2014,1044.24,845.2,0.037,0.008878798,0.010500743
22/08/2014,1066.61,845.459,0.047,0.021422278,0.000306436
29/08/2014,1092.2,852.661,0.031,0.0239919,0.00851845
05/09/2014,1127.53,855.92,-0.009,0.032347555,0.003822152
12/09/2014,1113.7,845.795,-0.021,-0.012265749,-0.011829377
19/09/2014,1126.84,850.113,-0.023,0.011798509,0.005105256
26/09/2014,1109.96,853.733,0.001,-0.014979944,0.004258257
03/10/2014,1080.49,856.036,-0.017,-0.026550506,0.002697565
10/10/2014,1031.56,858.49,-0.02,-0.04528501,0.002866702
17/10/2014,1021.91,854.205,-0.021,-0.009354764,-0.004991322
24/10/2014,1046.42,853.823,0.009,0.0239845,-0.000447199
31/10/2014,1075.07,859.187,-0.011,0.027379064,0.006282333
07/11/2014,1058.67,859.353,-0.018,-0.015254821,0.000193206
14/11/2014,1057.54,862.052,-0.019,-0.001067377,0.003140735
21/11/2014,1104.69,866.149,0.001,0.044584602,0.004752614
28/11/2014,1124.3,873.108,0.001,0.017751586,0.008034414
05/12/2014,1134.23,873.151,-0.011,0.008832162,4.92493E-05
12/12/2014,1061.53,875.343,-0.016,-0.064096347,0.002510448
19/12/2014,1087.94,878.722,-0.021,0.024879184,0.003860201
26/12/2014,1103.5,879.799,0.034,0.014302259,0.001225644
02/01/2015,1087.83,888.096,-0.02,-0.014200272,0.009430563
09/01/2015,1054.38,884.251,-0.039,-0.03074929,-0.004329487
16/01/2015,1110.63,893.34,-0.051,0.053348887,0.010278756
23/01/2015,1173.16,899.268,-0.023,0.056301378,0.006635771
30/01/2015,1163.79,897.874,-0.024,-0.007986975,-0.00155015
06/02/2015,1180.26,896.054,-0.032,0.014152038,-0.00202701
13/02/2015,1197.43,896.262,-0.034,0.014547642,0.000232129
20/02/2015,1212.34,897.379,-0.013,0.012451667,0.001246287
27/02/2015,1250.01,905.752,-0.029,0.031072141,0.009330506
06/03/2015,1256.48,903.727,-0.042,0.005175959,-0.002235711
13/03/2015,1269.88,912.724,-0.049,0.010664714,0.00995544
20/03/2015,1294.15,913.448,-0.055,0.019112042,0.00079323
27/03/2015,1278.85,908.517,-0.036,-0.011822432,-0.005398227
03/04/2015,1293.23,911.141,-0.062,0.011244477,0.002888223
10/04/2015,1328.55,913.555,-0.072,0.02731146,0.002649425
17/04/2015,1279.99,911.379,-0.093,-0.036551127,-0.002381904
24/04/2015,1296.21,909.988,-0.082,0.012671974,-0.001526259
01/05/2015,1263.28,900.353,-0.093,-0.025404834,-0.010588052
08/05/2015,1281.48,888.2,-0.107,0.014406941,-0.013498039
15/05/2015,1259.72,883.354,-0.12,-0.016980366,-0.005455978
22/05/2015,1302.94,883.675,-0.108,0.034309212,0.000363388
29/05/2015,1266.54,886.986,-0.122,-0.02793682,0.003746853
05/06/2015,1245.36,865.003,-0.124,-0.016722725,-0.024783931
12/06/2015,1244.38,862.178,-0.129,-0.000786921,-0.003265885
19/06/2015,1228.2,863.65,-0.131,-0.013002459,0.001707304
26/06/2015,1287.62,864.658,-0.118,0.048379743,0.001167139
03/07/2015,1224.47,864.8,-0.127,-0.049043973,0.000164227
10/07/2015,1255.44,865.547,-0.133,0.025292576,0.000863784
17/07/2015,1306.08,877.213,-0.133,0.040336456,0.013478182
24/07/2015,1281.05,883.343,-0.129,-0.019164217,0.006988041
31/07/2015,1281.29,887.073,-0.132,0.000187346,0.004222595
07/08/2015,1295.68,885.467,-0.135,0.011230869,-0.001810449
14/08/2015,1243.4,885.886,-0.141,-0.040349469,0.000473197
21/08/2015,1156.58,886.311,-0.142,-0.069824674,0.000479746
28/08/2015,1170.59,880.406,-0.139,0.0121133,-0.006662447
04/09/2015,1132.71,883.77,-0.144,-0.03235975,0.003820964
11/09/2015,1135.45,885.867,-0.148,0.002418977,0.002372789
18/09/2015,1124.54,888.252,-0.148,-0.009608525,0.002692278
25/09/2015,1109.4,887.832,-0.141,-0.013463283,-0.000472839
02/10/2015,1101.3,897.967,-0.147,-0.007301244,0.011415448
09/10/2015,1159.41,893.357,-0.149,0.052764914,-0.005133819
16/10/2015,1165.07,898.044,-0.149,0.004881793,0.005246503
23/10/2015,1222.89,903.73,-0.147,0.049627919,0.006331538
30/10/2015,1220.45,903.006,-0.148,-0.001995273,-0.000801124
06/11/2015,1238.38,892.495,-0.152,0.014691302,-0.011640011
13/11/2015,1200.79,902.075,-0.155,-0.030354172,0.010733954
20/11/2015,1234.42,907.753,-0.158,0.028006562,0.006294377
27/11/2015,1247.48,912.511,-0.166,0.010579867,0.005241514
04/12/2015,1191.1,897.181,-0.195,-0.045195113,-0.016799797
11/12/2015,1145.71,906.101,-0.239,-0.038107632,0.009942252
18/12/2015,1166.28,903.451,-0.252,0.017953932,-0.002924619
25/12/2015,1175.71,897.524,-0.228,0.008085537,-0.0065604
01/01/2016,1169.64,899.789,-0.249,-0.005162838,0.002523609
08/01/2016,1085.86,905.625,-0.259,-0.071628877,0.006485965
15/01/2016,1057.53,906.727,-0.262,-0.02608992,0.001216839
22/01/2016,1082.86,909.168,-0.263,0.023952039,0.0026921
29/01/2016,1092.19,919.374,-0.264,0.008616072,0.011225648
05/02/2016,1033.39,916.907,-0.265,-0.053836787,-0.002683348
12/02/2016,989.17,914.988,-0.266,-0.042791202,-0.002092906
19/02/2016,1030.4,919.145,-0.268,0.04168141,0.004543229
26/02/2016,1051.26,924.176,-0.267,0.020244565,0.005473565
04/03/2016,1090.08,922.757,-0.269,0.036927116,-0.001535422
11/03/2016,1103.17,925.345,-0.307,0.012008293,0.002804639
18/03/2016,1098.13,928.644,-0.344,-0.004568652,0.003565157
25/03/2016,1072.97,929.464,-0.349,-0.022911677,0.000883008
01/04/2016,1060.95,933.783,-0.356,-0.01120255,0.004646764
08/04/2016,1048.33,932.723,-0.358,-0.011895,-0.001135167
15/04/2016,1099.58,931.821,-0.361,0.048887278,-0.000967061
22/04/2016,1131.55,925.675,-0.359,0.029074738,-0.006595687
29/04/2016,1095.49,922.543,-0.359,-0.031867792,-0.003383477
06/05/2016,1070.34,928.539,-0.362,-0.022957763,0.006499426
13/05/2016,1080.7,930.502,-0.361,0.009679167,0.002114074
20/05/2016,1084.83,929.178,-0.362,0.003821597,-0.001422888
27/05/2016,1132.55,933.559,-0.363,0.043988459,0.00471492
03/06/2016,1104.21,936.553,-0.363,-0.025023178,0.003207082
10/06/2016,1074.06,939.05,-0.363,-0.027304589,0.00266616
17/06/2016,1051.73,934.574,-0.368,-0.020790272,-0.004766519
24/06/2016,1025.87,936.118,-0.373,-0.02458806,0.00165209
01/07/2016,1065.4,953.048,-0.369,0.038533147,0.018085327
08/07/2016,1049.8,956.406,-0.379,-0.014642388,0.003523432
15/07/2016,1094.42,949.852,-0.379,0.042503334,-0.006852738
22/07/2016,1099.45,951.769,-0.377,0.004596042,0.002018209
29/07/2016,1106.75,958.424,-0.377,0.006639683,0.006992243
05/08/2016,1101.26,957.003,-0.379,-0.00496047,-0.001482642
12/08/2016,1127.64,961.719,-0.38,0.02395438,0.004927884
19/08/2016,1099.22,958.008,-0.379,-0.025203079,-0.003858715
26/08/2016,1114.83,960.507,-0.378,0.014200979,0.002608538
02/09/2016,1140.52,955.286,-0.379,0.023043872,-0.005435671
09/09/2016,1130.69,953.025,-0.38,-0.008618876,-0.00236683
16/09/2016,1087.01,952.48,-0.381,-0.038631278,-0.000571863
23/09/2016,1123.53,958.672,-0.378,0.033596747,0.006500924
30/09/2016,1113.24,961.727,-0.381,-0.009158634,0.0031867
07/10/2016,1112.91,952.282,-0.38,-0.000296432,-0.009820874
14/10/2016,1122.49,950.8,-0.379,0.008608064,-0.001556262
21/10/2016,1142.32,953.511,-0.38,0.017666082,0.002851283
28/10/2016,1143.19,941.599,-0.38,0.000761608,-0.012492777
04/11/2016,1096.98,941.031,-0.379,-0.040421977,-0.000603229
11/11/2016,1125.2,923.778,-0.379,0.025725173,-0.018334146
18/11/2016,1123.29,922.067,-0.38,-0.001697476,-0.001852177
25/11/2016,1133.53,922.07,-0.379,0.009116079,3.25356E-06
02/12/2016,1121.38,925.519,-0.379,-0.010718728,0.003740497
09/12/2016,1189.45,922.826,-0.379,0.060701992,-0.002909719
16/12/2016,1212.41,927.229,-0.381,0.019303039,0.004771214
23/12/2016,1218.87,932.772,-0.373,0.005328231,0.005978027
30/12/2016,1225.03,934.131,-0.373,0.005053861,0.001456948
06/01/2017,1236.87,924.671,-0.379,0.009665069,-0.010127059
13/01/2017,1238.34,928.148,-0.379,0.001188484,0.003760256
20/01/2017,1229.07,922.142,-0.38,-0.007485828,-0.006470951
27/01/2017,1230.91,914.567,-0.38,0.001497067,-0.00821457
03/02/2017,1221.79,913.423,-0.379,-0.007409153,-0.001250865
10/02/2017,1221.22,915.384,-0.379,-0.000466529,0.00214687
17/02/2017,1235.4,918.138,-0.38,0.011611339,0.003008573
24/02/2017,1233.64,923.533,-0.379,-0.00142464,0.005876023
03/03/2017,1270.71,920.72,-0.379,0.030049285,-0.003045912
10/03/2017,1275.73,908.667,-0.379,0.003950547,-0.013090842
17/03/2017,1287.74,910.11,-0.38,0.009414218,0.001588041
24/03/2017,1286.97,917.18,-0.38,-0.000597947,0.007768292
31/03/2017,1310.27,921.581,-0.379,0.01810454,0.004798404
07/04/2017,1308.83,927.864,-0.38,-0.00109901,0.006817632
14/04/2017,1291.03,926.2,-0.38,-0.013599933,-0.001793366
21/04/2017,1289.26,924.736,-0.379,-0.001370998,-0.001580652
28/04/2017,1337.11,927.761,-0.379,0.037114314,0.003271204
05/05/2017,1381.54,927.715,-0.38,0.033228381,-4.95817E-05
12/05/2017,1377.08,927.697,-0.38,-0.003228281,-1.94025E-05
19/05/2017,1363.38,931.931,-0.379,-0.009948587,0.00456399
26/05/2017,1362.33,934.814,-0.379,-0.000770145,0.003093577
02/06/2017,1371,935.025,-0.379,0.006364097,0.000225713
09/06/2017,1369.66,940.573,-0.379,-0.000977389,0.005933531
16/06/2017,1354.86,941.234,-0.379,-0.010805601,0.000702763
23/06/2017,1354.95,944.389,-0.38,6.64275E-05,0.003351983
30/06/2017,1316.02,929.899,-0.379,-0.028731688,-0.015343254
07/07/2017,1325.3,921.013,-0.379,0.007051565,-0.009555876
14/07/2017,1349.06,924.654,-0.379,0.017928016,0.003953256
21/07/2017,1320.66,934.371,-0.379,-0.021051695,0.010508796
28/07/2017,1327.18,931.407,-0.379,0.004936925,-0.003172187
04/08/2017,1343.77,936.644,-0.379,0.012500188,0.005622676
11/08/2017,1305.05,940.357,-0.379,-0.028814455,0.003964153
18/08/2017,1320.26,939.482,-0.379,0.011654726,-0.000930498
25/08/2017,1317.39,938.88,-0.379,-0.002173814,-0.000640779
01/09/2017,1319.43,940.333,-0.379,0.001548516,0.001547589
08/09/2017,1320.98,945.316,-0.379,0.00117475,0.005299187
15/09/2017,1346.98,938.637,-0.38,0.019682357,-0.007065362
22/09/2017,1357.47,937.659,-0.38,0.007787792,-0.001041936
29/09/2017,1378.84,937.8,-0.381,0.015742521,0.000150374
06/10/2017,1382.43,936.113,-0.379,0.002603638,-0.001798891
13/10/2017,1383.24,942.551,-0.381,0.000585925,0.006877375
20/10/2017,1383.81,940.376,-0.379,0.000412076,-0.002307567
27/10/2017,1401.9,945.786,-0.379,0.013072604,0.005753018
03/11/2017,1416.8,950.361,-0.379,0.010628433,0.004837246
10/11/2017,1380.08,947.099,-0.379,-0.025917561,-0.00343238
17/11/2017,1362.96,950.387,-0.379,-0.012405078,0.003471654
24/11/2017,1375.94,950.97,-0.381,0.00952339,0.000613434
01/12/2017,1355.31,956.729,-0.376,-0.014993386,0.006055922
08/12/2017,1380.39,958.599,-0.377,0.018504991,0.001954576
15/12/2017,1369.01,954.998,-0.379,-0.008244047,-0.003756524
22/12/2017,1367.14,948.619,-0.376,-0.001365951,-0.006679595
29/12/2017,1348.12,944.854,-0.378,-0.013912255,-0.003968927
05/01/2018,1388.01,945.131,-0.379,0.029589354,0.000293167
12/01/2018,1390.38,941.316,-0.379,0.00170748,-0.004036477
19/01/2018,1404.41,943.788,-0.378,0.010090767,0.002626111
26/01/2018,1404.23,939.943,-0.378,-0.000128168,-0.004074008
02/02/2018,1358.71,933.606,-0.378,-0.032416342,-0.006741898
09/02/2018,1282.63,934.062,-0.38,-0.055994289,0.000488429
16/02/2018,1321.83,936.073,-0.379,0.030562204,0.002152962
23/02/2018,1327.48,936.56,-0.379,0.004274377,0.000520259
02/03/2018,1282.46,939.633,-0.379,-0.033913882,0.003281157
09/03/2018,1319.65,941.543,-0.379,0.028998955,0.002032709
16/03/2018,1326.15,946.192,-0.378,0.004925548,0.00493764
23/03/2018,1273.25,950.913,-0.376,-0.039889907,0.004989474
30/03/2018,1298.04,955.507,-0.379,0.019469861,0.004831146
06/04/2018,1318.64,954.613,-0.379,0.015870081,-0.000935629
13/04/2018,1334.5,953.903,-0.379,0.012027544,-0.000743757
20/04/2018,1353.66,950.265,-0.379,0.014357437,-0.003813805
27/04/2018,1367.9,952.476,-0.379,0.010519628,0.002326719
04/05/2018,1384.76,952.578,-0.379,0.012325462,0.000107089
11/05/2018,1397.28,950.832,-0.381,0.009041278,-0.001832921
18/05/2018,1403.3,943.681,-0.381,0.004308371,-0.007520782
25/05/2018,1383.27,945.995,-0.38,-0.014273498,0.0024521
01/06/2018,1365.2,942.818,-0.378,-0.013063249,-0.003358369
08/06/2018,1363.2,933.929,-0.38,-0.001464987,-0.009428119
15/06/2018,1387.9,947.995,-0.379,0.018119131,0.015061102
22/06/2018,1362.78,948.024,-0.376,-0.018099287,3.05909E-05
29/06/2018,1344.57,950.563,-0.38,-0.013362392,0.002678202
06/07/2018,1365.51,951.327,-0.378,0.015573752,0.000803734
13/07/2018,1368.54,954.292,-0.377,0.002218951,0.003116699
20/07/2018,1370.71,951.908,-0.379,0.001585631,-0.002498187
27/07/2018,1397.92,949.075,-0.376,0.019851026,-0.002976128
03/08/2018,1381.1,944.88,-0.377,-0.012032162,-0.004420093
10/08/2018,1359.37,948.758,-0.379,-0.015733835,0.004104225
17/08/2018,1338.21,947.196,-0.377,-0.015566034,-0.001646363
24/08/2018,1359.83,946.608,-0.376,0.01615591,-0.00062078
31/08/2018,1346.13,944.33,-0.377,-0.010074789,-0.002406487
07/09/2018,1306.73,946.993,-0.377,-0.02926909,0.002819989
14/09/2018,1327.07,945.206,-0.376,0.015565572,-0.001887026
21/09/2018,1361.27,946.22,-0.375,0.02577106,0.001072782
28/09/2018,1350.28,940.63,-0.378,-0.008073343,-0.005907717
05/10/2018,1328.95,932.535,-0.376,-0.015796724,-0.008605934
12/10/2018,1269.66,931.865,-0.376,-0.044614169,-0.000718472
19/10/2018,1276.5,933.311,-0.376,0.005387269,0.001551727
26/10/2018,1246.31,941.551,-0.376,-0.023650607,0.008828783
02/11/2018,1278.36,940.602,-0.376,0.025715913,-0.001007911
09/11/2018,1284.58,939.927,-0.376,0.004865609,-0.000717626
16/11/2018,1265.2,939.831,-0.376,-0.015086643,-0.000102136
23/11/2018,1247.88,942.913,-0.376,-0.013689535,0.003279313
30/11/2018,1262.54,948.978,-0.376,0.011747924,0.006432195
07/12/2018,1217.55,951.969,-0.378,-0.035634515,0.003151812
14/12/2018,1231.11,954.946,-0.378,0.01113712,0.003127203
21/12/2018,1196.14,957.13,-0.376,-0.02840526,0.00228704
28/12/2018,1190.53,958.026,-0.373,-0.004690086,0.000936132
04/01/2019,1212.58,956.848,-0.373,0.018521163,-0.001229612
11/01/2019,1224.31,959.186,-0.375,0.009673589,0.002443439
18/01/2019,1250.46,962.405,-0.378,0.02135897,0.003355971
25/01/2019,1262.37,967.737,-0.376,0.009524495,0.005540287
01/02/2019,1267.9,968.116,-0.375,0.004380649,0.000391635
08/02/2019,1253.71,967.403,-0.372,-0.011191734,-0.000736482
15/02/2019,1296.27,969.567,-0.372,0.033947245,0.002236917
22/02/2019,1307.99,970.487,-0.375,0.009041326,0.000948877
01/03/2019,1324.61,968.43,-0.373,0.012706519,-0.002119554
08/03/2019,1313.44,980.286,-0.375,-0.008432671,0.012242496
15/03/2019,1354.68,979.637,-0.376,0.031398465,-0.000662052
22/03/2019,1323.46,986.572,-0.379,-0.023046033,0.007079153
29/03/2019,1343.57,987.479,-0.38,0.015195019,0.000919345
05/04/2019,1381.96,985.152,-0.379,0.02857313,-0.002356506
12/04/2019,1383.16,985.355,-0.378,0.000868332,0.00020606
19/04/2019,1404.59,986.205,-0.378,0.015493508,0.000862633
26/04/2019,1408.25,988.228,-0.377,0.002605743,0.002051298
03/05/2019,1415.12,988.5,-0.376,0.004878395,0.00027524
10/05/2019,1365.13,988.82,-0.381,-0.035325626,0.000323723
17/05/2019,1394.54,993.161,-0.379,0.021543736,0.004390081
24/05/2019,1369.75,995.88,-0.379,-0.017776471,0.002737723
31/05/2019,1344.58,999.729,-0.392,-0.018375616,0.003864923
07/06/2019,1385.2,1010.465,-0.391,0.030210177,0.01073891
14/06/2019,1386.5,1011.175,-0.393,0.000938493,0.000702647
21/06/2019,1423.05,1015.38,-0.4,0.026361342,0.004158528
28/06/2019,1425.83,1019.634,-0.403,0.00195355,0.004189564
05/07/2019,1449.22,1027.091,-0.404,0.01640448,0.007313409
12/07/2019,1436.92,1018.231,-0.399,-0.008487324,-0.008626305
19/07/2019,1429.75,1028.414,-0.4,-0.004989839,0.010000678
26/07/2019,1448.58,1031.379,-0.405,0.013170135,0.00288308
02/08/2019,1387.76,1038.251,-0.411,-0.041985945,0.006662924
09/08/2019,1371.4,1037.9,-0.408,-0.011788782,-0.000338069
16/08/2019,1369.49,1050.751,-0.403,-0.001392737,0.012381732
23/08/2019,1371.61,1050.297,-0.403,0.001548022,-0.000432072
30/08/2019,1409.92,1056.033,-0.403,0.02793068,0.005461312
06/09/2019,1438.17,1053.6,-0.403,0.020036598,-0.002303905
13/09/2019,1460.77,1043.04,-0.425,0.015714415,-0.010022779
20/09/2019,1469.53,1045.573,-0.494,0.005996837,0.002428478
27/09/2019,1460.67,1050.882,-0.502,-0.006029139,0.005077599
04/10/2019,1419.82,1051.434,-0.502,-0.027966618,0.000525273
11/10/2019,1470.96,1042.445,-0.496,0.03601865,-0.008549277
18/10/2019,1474.87,1040.298,-0.488,0.002658128,-0.002059581
25/10/2019,1493.53,1039.267,-0.503,0.012651963,-0.000991062
01/11/2019,1494.56,1038.419,-0.488,0.000689641,-0.00081596
08/11/2019,1526.39,1028.973,-0.477,0.021297238,-0.009096521
15/11/2019,1531.32,1030.195,-0.468,0.003229843,0.001187592
22/11/2019,1521.68,1032.445,-0.47,-0.006295222,0.002184053
29/11/2019,1528.39,1031.053,-0.484,0.0044096,-0.001348256
06/12/2019,1524.7,1025.436,-0.489,-0.002414305,-0.005447829
13/12/2019,1540.69,1030.352,-0.491,0.010487309,0.004794058
20/12/2019,1560.02,1025.437,-0.477,0.012546327,-0.004770214
27/12/2019,1562.38,1026.761,-0.513,0.001512801,0.001291157
