State,StateIndex,Year,Income,Growth,Inflation,YearOfTreatment,Deregulated,DeregulateYear,TimeToTreatment,Lat,Long
Alabama,1,1972,3526,1.099812851,0.030444965,1981,0,0,-9,32.3617,-86.2792
Alabama,1,1973,3943,1.118264322,0.036363636,1981,0,0,-8,32.3617,-86.2792
Alabama,1,1974,4336,1.099670302,0.083333333,1981,0,0,-7,32.3617,-86.2792
Alabama,1,1975,4766,1.099169742,0.091093118,1981,0,0,-6,32.3617,-86.2792
Alabama,1,1976,5313,1.114771297,0.064935065,1981,0,0,-5,32.3617,-86.2792
Alabama,1,1977,5794,1.090532656,0.06271777,1981,0,0,-4,32.3617,-86.2792
Alabama,1,1978,6464,1.115636866,0.073770491,1981,0,0,-3,32.3617,-86.2792
Alabama,1,1979,7139,1.104424505,0.097709924,1981,0,0,-2,32.3617,-86.2792
Alabama,1,1980,7825,1.09609189,0.123783032,1981,0,0,-1,32.3617,-86.2792
Alabama,1,1981,8659,1.10658147,0.103960396,1981,1,1,0,32.3617,-86.2792
Alabama,1,1982,9152,1.056934981,0.073991032,1981,1,0,1,32.3617,-86.2792
Alabama,1,1983,9772,1.067744755,0.039665971,1981,1,0,2,32.3617,-86.2792
Alabama,1,1984,10752,1.100286533,0.050200803,1981,1,0,3,32.3617,-86.2792
Alabama,1,1985,11504,1.069940476,0.043021033,1981,1,0,4,32.3617,-86.2792
Alabama,1,1986,12080,1.050069541,0.040329972,1981,1,0,5,32.3617,-86.2792
Alabama,1,1987,12735,1.054221854,0.041409692,1981,1,0,6,32.3617,-86.2792
Alabama,1,1988,13639,1.070985473,0.043993232,1981,1,0,7,32.3617,-86.2792
Alabama,1,1989,14776,1.083363883,0.045380875,1981,1,0,8,32.3617,-86.2792
Alabama,1,1990,15618,1.056984299,0.050387597,1981,1,0,9,32.3617,-86.2792
Alabama,1,1991,16337,1.046036624,0.048708487,1981,1,0,10,32.3617,-86.2792
Alabama,1,1992,17264,1.056742364,0.036593948,1981,1,0,11,32.3617,-86.2792
Alaska,2,1972,5940,1.063944116,0.030444965,0,1,0,0,58.3058,-134.433
Alaska,2,1973,6805,1.145622896,0.036363636,0,1,0,0,58.3058,-134.433
Alaska,2,1974,8130,1.194709772,0.083333333,0,1,0,0,58.3058,-134.433
Alaska,2,1975,10666,1.311931119,0.091093118,0,1,0,0,58.3058,-134.433
Alaska,2,1976,12109,1.135289706,0.064935065,0,1,0,0,58.3058,-134.433
Alaska,2,1977,12388,1.023040714,0.06271777,0,1,0,0,58.3058,-134.433
Alaska,2,1978,12495,1.008637391,0.073770491,0,1,0,0,58.3058,-134.433
Alaska,2,1979,13199,1.056342537,0.097709924,0,1,0,0,58.3058,-134.433
Alaska,2,1980,14975,1.134555648,0.123783032,0,1,0,0,58.3058,-134.433
Alaska,2,1981,16528,1.103706177,0.103960396,0,1,0,0,58.3058,-134.433
Alaska,2,1982,18819,1.138613262,0.073991032,0,1,0,0,58.3058,-134.433
Alaska,2,1983,18843,1.001275307,0.039665971,0,1,0,0,58.3058,-134.433
Alaska,2,1984,19395,1.029294698,0.050200803,0,1,0,0,58.3058,-134.433
Alaska,2,1985,20104,1.036555813,0.043021033,0,1,0,0,58.3058,-134.433
Alaska,2,1986,19673,0.97856148,0.040329972,0,1,0,0,58.3058,-134.433
Alaska,2,1987,19244,0.978193463,0.041409692,0,1,0,0,58.3058,-134.433
Alaska,2,1988,19848,1.031386406,0.043993232,0,1,0,0,58.3058,-134.433
Alaska,2,1989,21525,1.08449214,0.045380875,0,1,0,0,58.3058,-134.433
Alaska,2,1990,22594,1.049663182,0.050387597,0,1,0,0,58.3058,-134.433
Alaska,2,1991,23092,1.02204125,0.048708487,0,1,0,0,58.3058,-134.433
Alaska,2,1992,23706,1.026589295,0.036593948,0,1,0,0,58.3058,-134.433
Arizona,3,1972,4473,1.082788671,0.030444965,0,1,0,0,33.45,-112.0667
Arizona,3,1973,4904,1.096355913,0.036363636,0,1,0,0,33.45,-112.0667
Arizona,3,1974,5301,1.080954323,0.083333333,0,1,0,0,33.45,-112.0667
Arizona,3,1975,5535,1.044142615,0.091093118,0,1,0,0,33.45,-112.0667
Arizona,3,1976,6061,1.095031617,0.064935065,0,1,0,0,33.45,-112.0667
Arizona,3,1977,6615,1.091404059,0.06271777,0,1,0,0,33.45,-112.0667
Arizona,3,1978,7532,1.138624339,0.073770491,0,1,0,0,33.45,-112.0667
Arizona,3,1979,8509,1.129713224,0.097709924,0,1,0,0,33.45,-112.0667
Arizona,3,1980,9484,1.114584558,0.123783032,0,1,0,0,33.45,-112.0667
Arizona,3,1981,10582,1.115773935,0.103960396,0,1,0,0,33.45,-112.0667
Arizona,3,1982,10882,1.028350028,0.073991032,0,1,0,0,33.45,-112.0667
Arizona,3,1983,11630,1.068737364,0.039665971,0,1,0,0,33.45,-112.0667
Arizona,3,1984,12803,1.100859845,0.050200803,0,1,0,0,33.45,-112.0667
Arizona,3,1985,13636,1.065062876,0.043021033,0,1,0,0,33.45,-112.0667
Arizona,3,1986,14335,1.051261367,0.040329972,0,1,0,0,33.45,-112.0667
Arizona,3,1987,14896,1.039134984,0.041409692,0,1,0,0,33.45,-112.0667
Arizona,3,1988,15583,1.046119764,0.043993232,0,1,0,0,33.45,-112.0667
Arizona,3,1989,16281,1.044792402,0.045380875,0,1,0,0,33.45,-112.0667
Arizona,3,1990,16806,1.032246177,0.050387597,0,1,0,0,33.45,-112.0667
Arizona,3,1991,17253,1.026597644,0.048708487,0,1,0,0,33.45,-112.0667
Arizona,3,1992,17762,1.029502116,0.036593948,0,1,0,0,33.45,-112.0667
Arkansas,4,1972,3409,1.103950777,0.030444965,0,0,0,0,34.7361,-92.3311
Arkansas,4,1973,3978,1.166911118,0.036363636,0,0,0,0,34.7361,-92.3311
Arkansas,4,1974,4368,1.098039216,0.083333333,0,0,0,0,34.7361,-92.3311
Arkansas,4,1975,4668,1.068681319,0.091093118,0,0,0,0,34.7361,-92.3311
Arkansas,4,1976,5157,1.104755784,0.064935065,0,0,0,0,34.7361,-92.3311
Arkansas,4,1977,5657,1.096955594,0.06271777,0,0,0,0,34.7361,-92.3311
Arkansas,4,1978,6469,1.143538978,0.073770491,0,0,0,0,34.7361,-92.3311
Arkansas,4,1979,7020,1.085175452,0.097709924,0,0,0,0,34.7361,-92.3311
Arkansas,4,1980,7521,1.071367521,0.123783032,0,0,0,0,34.7361,-92.3311
Arkansas,4,1981,8508,1.131232549,0.103960396,0,0,0,0,34.7361,-92.3311
Arkansas,4,1982,8947,1.051598496,0.073991032,0,0,0,0,34.7361,-92.3311
Arkansas,4,1983,9463,1.057672963,0.039665971,0,0,0,0,34.7361,-92.3311
Arkansas,4,1984,10486,1.108105252,0.050200803,0,0,0,0,34.7361,-92.3311
Arkansas,4,1985,11128,1.06122449,0.043021033,0,0,0,0,34.7361,-92.3311
Arkansas,4,1986,11625,1.044662114,0.040329972,0,0,0,0,34.7361,-92.3311
Arkansas,4,1987,12023,1.034236559,0.041409692,0,0,0,0,34.7361,-92.3311
Arkansas,4,1988,12855,1.069200699,0.043993232,0,0,0,0,34.7361,-92.3311
Arkansas,4,1989,13727,1.067833528,0.045380875,0,0,0,0,34.7361,-92.3311
Arkansas,4,1990,14402,1.049173162,0.050387597,0,0,0,0,34.7361,-92.3311
Arkansas,4,1991,15103,1.048673795,0.048708487,0,0,0,0,34.7361,-92.3311
Arkansas,4,1992,16204,1.072899424,0.036593948,0,0,0,0,34.7361,-92.3311
California,5,1972,5451,1.084344539,0.030444965,0,1,0,0,38.5556,-121.4689
California,5,1973,5944,1.090442121,0.036363636,0,1,0,0,38.5556,-121.4689
California,5,1974,6557,1.103129206,0.083333333,0,1,0,0,38.5556,-121.4689
California,5,1975,7136,1.088302577,0.091093118,0,1,0,0,38.5556,-121.4689
California,5,1976,7835,1.097954036,0.064935065,0,1,0,0,38.5556,-121.4689
California,5,1977,8572,1.094065093,0.06271777,0,1,0,0,38.5556,-121.4689
California,5,1978,9572,1.116658889,0.073770491,0,1,0,0,38.5556,-121.4689
California,5,1979,10719,1.119828667,0.097709924,0,1,0,0,38.5556,-121.4689
California,5,1980,11928,1.112790372,0.123783032,0,1,0,0,38.5556,-121.4689
California,5,1981,13144,1.101945003,0.103960396,0,1,0,0,38.5556,-121.4689
California,5,1982,13742,1.045496044,0.073991032,0,1,0,0,38.5556,-121.4689
California,5,1983,14517,1.056396449,0.039665971,0,1,0,0,38.5556,-121.4689
California,5,1984,15913,1.096163119,0.050200803,0,1,0,0,38.5556,-121.4689
California,5,1985,16777,1.05429523,0.043021033,0,1,0,0,38.5556,-121.4689
California,5,1986,17526,1.044644454,0.040329972,0,1,0,0,38.5556,-121.4689
California,5,1987,18447,1.052550496,0.041409692,0,1,0,0,38.5556,-121.4689
California,5,1988,19515,1.057895593,0.043993232,0,1,0,0,38.5556,-121.4689
California,5,1989,20448,1.047809377,0.045380875,0,1,0,0,38.5556,-121.4689
California,5,1990,21380,1.04557903,0.050387597,0,1,0,0,38.5556,-121.4689
California,5,1991,21734,1.01655753,0.048708487,0,1,0,0,38.5556,-121.4689
California,5,1992,22439,1.032437655,0.036593948,0,1,0,0,38.5556,-121.4689
Colorado,6,1972,4774,1.085246647,0.030444965,1991,0,0,0,39.742043,-104.991531
Colorado,6,1973,5283,1.106619187,0.036363636,1991,0,0,0,39.742043,-104.991531
Colorado,6,1974,5837,1.10486466,0.083333333,1991,0,0,0,39.742043,-104.991531
Colorado,6,1975,6322,1.083090629,0.091093118,1991,0,0,0,39.742043,-104.991531
Colorado,6,1976,6880,1.088263208,0.064935065,1991,0,0,0,39.742043,-104.991531
Colorado,6,1977,7535,1.095203488,0.06271777,1991,0,0,0,39.742043,-104.991531
Colorado,6,1978,8485,1.126078301,0.073770491,1991,0,0,0,39.742043,-104.991531
Colorado,6,1979,9502,1.119858574,0.097709924,1991,0,0,0,39.742043,-104.991531
Colorado,6,1980,10714,1.127552094,0.123783032,1991,0,0,0,39.742043,-104.991531
Colorado,6,1981,12078,1.127310062,0.103960396,1991,0,0,0,39.742043,-104.991531
Colorado,6,1982,12904,1.068388806,0.073991032,1991,0,0,0,39.742043,-104.991531
Colorado,6,1983,13538,1.049132052,0.039665971,1991,0,0,0,39.742043,-104.991531
Colorado,6,1984,14669,1.083542621,0.050200803,1991,0,0,0,39.742043,-104.991531
Colorado,6,1985,15267,1.040766242,0.043021033,1991,0,0,0,39.742043,-104.991531
Colorado,6,1986,15713,1.029213336,0.040329972,1991,0,0,0,39.742043,-104.991531
Colorado,6,1987,16205,1.031311653,0.041409692,1991,0,0,0,39.742043,-104.991531
Colorado,6,1988,17072,1.053502006,0.043993232,1991,0,0,0,39.742043,-104.991531
Colorado,6,1989,18398,1.07767104,0.045380875,1991,0,0,0,39.742043,-104.991531
Colorado,6,1990,19377,1.053212306,0.050387597,1991,0,0,0,39.742043,-104.991531
Colorado,6,1991,20123,1.038499252,0.048708487,1991,1,1,0,39.742043,-104.991531
Colorado,6,1992,21102,1.048650798,0.036593948,1991,1,0,0,39.742043,-104.991531
Connecticut,7,1972,5692,1.074976393,0.030444965,1980,0,0,-8,41.7658,-72.6734
Connecticut,7,1973,6226,1.093815882,0.036363636,1980,0,0,-7,41.7658,-72.6734
Connecticut,7,1974,6794,1.091230324,0.083333333,1980,0,0,-6,41.7658,-72.6734
Connecticut,7,1975,7252,1.067412423,0.091093118,1980,0,0,-5,41.7658,-72.6734
Connecticut,7,1976,7878,1.086321015,0.064935065,1980,0,0,-4,41.7658,-72.6734
Connecticut,7,1977,8684,1.102310231,0.06271777,1980,0,0,-3,41.7658,-72.6734
Connecticut,7,1978,9656,1.111929986,0.073770491,1980,0,0,-2,41.7658,-72.6734
Connecticut,7,1979,10855,1.1241715,0.097709924,1980,0,0,-1,41.7658,-72.6734
Connecticut,7,1980,12321,1.135052971,0.123783032,1980,1,1,0,41.7658,-72.6734
Connecticut,7,1981,13780,1.118415713,0.103960396,1980,1,0,1,41.7658,-72.6734
Connecticut,7,1982,14849,1.077576197,0.073991032,1980,1,0,2,41.7658,-72.6734
Connecticut,7,1983,15737,1.059802007,0.039665971,1980,1,0,3,41.7658,-72.6734
Connecticut,7,1984,17496,1.111774798,0.050200803,1980,1,0,4,41.7658,-72.6734
Connecticut,7,1985,18635,1.065100594,0.043021033,1980,1,0,5,41.7658,-72.6734
Connecticut,7,1986,19895,1.067614704,0.040329972,1980,1,0,6,41.7658,-72.6734
Connecticut,7,1987,21573,1.0843428,0.041409692,1980,1,0,7,41.7658,-72.6734
Connecticut,7,1988,23557,1.09196681,0.043993232,1980,1,0,8,41.7658,-72.6734
Connecticut,7,1989,25397,1.078108418,0.045380875,1980,1,0,9,41.7658,-72.6734
Connecticut,7,1990,26198,1.031539158,0.050387597,1980,1,0,10,41.7658,-72.6734
Connecticut,7,1991,26430,1.008855638,0.048708487,1980,1,0,11,41.7658,-72.6734
Connecticut,7,1992,28287,1.070261067,0.036593948,1980,1,0,12,41.7658,-72.6734
District of Columbia,8,1972,6026,1.09623431,0.030444965,0,1,0,0,38.94,-77.03
District of Columbia,8,1973,6470,1.073680717,0.036363636,0,1,0,0,38.94,-77.03
District of Columbia,8,1974,7252,1.120865533,0.083333333,0,1,0,0,38.94,-77.03
District of Columbia,8,1975,8034,1.107832322,0.091093118,0,1,0,0,38.94,-77.03
District of Columbia,8,1976,8728,1.086382873,0.064935065,0,1,0,0,38.94,-77.03
District of Columbia,8,1977,9639,1.104376719,0.06271777,0,1,0,0,38.94,-77.03
District of Columbia,8,1978,10367,1.075526507,0.073770491,0,1,0,0,38.94,-77.03
District of Columbia,8,1979,11224,1.082666152,0.097709924,0,1,0,0,38.94,-77.03
District of Columbia,8,1980,12218,1.088560228,0.123783032,0,1,0,0,38.94,-77.03
District of Columbia,8,1981,13381,1.095187428,0.103960396,0,1,0,0,38.94,-77.03
District of Columbia,8,1982,14570,1.088857335,0.073991032,0,1,0,0,38.94,-77.03
District of Columbia,8,1983,15379,1.055525051,0.039665971,0,1,0,0,38.94,-77.03
District of Columbia,8,1984,16986,1.10449314,0.050200803,0,1,0,0,38.94,-77.03
District of Columbia,8,1985,18051,1.062698693,0.043021033,0,1,0,0,38.94,-77.03
District of Columbia,8,1986,18932,1.04880616,0.040329972,0,1,0,0,38.94,-77.03
District of Columbia,8,1987,20046,1.058842172,0.041409692,0,1,0,0,38.94,-77.03
District of Columbia,8,1988,22157,1.105307792,0.043993232,0,1,0,0,38.94,-77.03
District of Columbia,8,1989,23843,1.076093334,0.045380875,0,1,0,0,38.94,-77.03
District of Columbia,8,1990,26015,1.091095919,0.050387597,0,1,0,0,38.94,-77.03
District of Columbia,8,1991,27333,1.050663079,0.048708487,0,1,0,0,38.94,-77.03
District of Columbia,8,1992,28694,1.04979329,0.036593948,0,1,0,0,38.94,-77.03
Florida,9,1972,4696,1.096683793,0.030444965,1988,0,0,-16,30.4407,-84.2783
Florida,9,1973,5217,1.110945486,0.036363636,1988,0,0,-15,30.4407,-84.2783
Florida,9,1974,5591,1.07168871,0.083333333,1988,0,0,-14,30.4407,-84.2783
Florida,9,1975,5901,1.055446253,0.091093118,1988,0,0,-13,30.4407,-84.2783
Florida,9,1976,6360,1.077783427,0.064935065,1988,0,0,-12,30.4407,-84.2783
Florida,9,1977,6972,1.096226415,0.06271777,1988,0,0,-11,30.4407,-84.2783
Florida,9,1978,7841,1.124641423,0.073770491,1988,0,0,-10,30.4407,-84.2783
Florida,9,1979,8731,1.11350593,0.097709924,1988,0,0,-9,30.4407,-84.2783
Florida,9,1980,9921,1.136295957,0.123783032,1988,0,0,-8,30.4407,-84.2783
Florida,9,1981,11101,1.118939623,0.103960396,1988,0,0,-7,30.4407,-84.2783
Florida,9,1982,11682,1.052337627,0.073991032,1988,0,0,-6,30.4407,-84.2783
Florida,9,1983,12640,1.082006506,0.039665971,1988,0,0,-5,30.4407,-84.2783
Florida,9,1984,13718,1.08528481,0.050200803,1988,0,0,-4,30.4407,-84.2783
Florida,9,1985,14643,1.067429654,0.043021033,1988,0,0,-3,30.4407,-84.2783
Florida,9,1986,15391,1.051082428,0.040329972,1988,0,0,-2,30.4407,-84.2783
Florida,9,1987,16193,1.052108375,0.041409692,1988,0,0,-1,30.4407,-84.2783
Florida,9,1988,17291,1.067807077,0.043993232,1988,1,1,0,30.4407,-84.2783
Florida,9,1989,18734,1.08345382,0.045380875,1988,1,0,1,30.4407,-84.2783
Florida,9,1990,19437,1.037525355,0.050387597,1988,1,0,2,30.4407,-84.2783
Florida,9,1991,19776,1.017440963,0.048708487,1988,1,0,3,30.4407,-84.2783
Florida,9,1992,20474,1.035295307,0.036593948,1988,1,0,4,30.4407,-84.2783
Georgia,10,1972,4023,1.102191781,0.030444965,1983,0,0,-11,33.7485,-84.3915
Georgia,10,1973,4481,1.113845389,0.036363636,1983,0,0,-10,33.7485,-84.3915
Georgia,10,1974,4854,1.083240348,0.083333333,1983,0,0,-9,33.7485,-84.3915
Georgia,10,1975,5157,1.062422744,0.091093118,1983,0,0,-8,33.7485,-84.3915
Georgia,10,1976,5687,1.10277293,0.064935065,1983,0,0,-7,33.7485,-84.3915
Georgia,10,1977,6200,1.090205732,0.06271777,1983,0,0,-6,33.7485,-84.3915
Georgia,10,1978,6951,1.121129032,0.073770491,1983,0,0,-5,33.7485,-84.3915
Georgia,10,1979,7656,1.101424256,0.097709924,1983,0,0,-4,33.7485,-84.3915
Georgia,10,1980,8408,1.098223615,0.123783032,1983,0,0,-3,33.7485,-84.3915
Georgia,10,1981,9393,1.117150333,0.103960396,1983,0,0,-2,33.7485,-84.3915
Georgia,10,1982,10041,1.068987544,0.073991032,1983,0,0,-1,33.7485,-84.3915
Georgia,10,1983,10857,1.081266806,0.039665971,1983,1,1,0,33.7485,-84.3915
Georgia,10,1984,12148,1.118909459,0.050200803,1983,1,0,1,33.7485,-84.3915
Georgia,10,1985,13052,1.074415542,0.043021033,1983,1,0,2,33.7485,-84.3915
Georgia,10,1986,13917,1.066273368,0.040329972,1983,1,0,3,33.7485,-84.3915
Georgia,10,1987,14679,1.05475318,0.041409692,1983,1,0,4,33.7485,-84.3915
Georgia,10,1988,15721,1.070985762,0.043993232,1983,1,0,5,33.7485,-84.3915
Georgia,10,1989,16658,1.059601807,0.045380875,1983,1,0,6,33.7485,-84.3915
Georgia,10,1990,17563,1.054328251,0.050387597,1983,1,0,7,33.7485,-84.3915
Georgia,10,1991,18110,1.031145021,0.048708487,1983,1,0,8,33.7485,-84.3915
Georgia,10,1992,19139,1.056819437,0.036593948,1983,1,0,9,33.7485,-84.3915
Hawaii,11,1972,5671,1.066177853,0.030444965,1986,0,0,-14,21.3099,-157.8582
Hawaii,11,1973,6128,1.080585435,0.036363636,1986,0,0,-13,21.3099,-157.8582
Hawaii,11,1974,6911,1.127774151,0.083333333,1986,0,0,-12,21.3099,-157.8582
Hawaii,11,1975,7396,1.070177977,0.091093118,1986,0,0,-11,21.3099,-157.8582
Hawaii,11,1976,7880,1.065440779,0.064935065,1986,0,0,-10,21.3099,-157.8582
Hawaii,11,1977,8338,1.058121827,0.06271777,1986,0,0,-9,21.3099,-157.8582
Hawaii,11,1978,9111,1.092708083,0.073770491,1986,0,0,-8,21.3099,-157.8582
Hawaii,11,1979,10098,1.108330589,0.097709924,1986,0,0,-7,21.3099,-157.8582
Hawaii,11,1980,11394,1.128342246,0.123783032,1986,0,0,-6,21.3099,-157.8582
Hawaii,11,1981,12235,1.073810778,0.103960396,1986,0,0,-5,21.3099,-157.8582
Hawaii,11,1982,12780,1.04454434,0.073991032,1986,0,0,-4,21.3099,-157.8582
Hawaii,11,1983,13883,1.086306729,0.039665971,1986,0,0,-3,21.3099,-157.8582
Hawaii,11,1984,14909,1.073903335,0.050200803,1986,0,0,-2,21.3099,-157.8582
Hawaii,11,1985,15591,1.045744181,0.043021033,1986,0,0,-1,21.3099,-157.8582
Hawaii,11,1986,16288,1.044705279,0.040329972,1986,1,1,0,21.3099,-157.8582
Hawaii,11,1987,17118,1.05095776,0.041409692,1986,1,0,1,21.3099,-157.8582
Hawaii,11,1988,18496,1.080500058,0.043993232,1986,1,0,2,21.3099,-157.8582
Hawaii,11,1989,20285,1.096723616,0.045380875,1986,1,0,3,21.3099,-157.8582
Hawaii,11,1990,21818,1.075573084,0.050387597,1986,1,0,4,21.3099,-157.8582
Hawaii,11,1991,22763,1.043312861,0.048708487,1986,1,0,5,21.3099,-157.8582
Hawaii,11,1992,24014,1.054957607,0.036593948,1986,1,0,6,21.3099,-157.8582
Idaho,12,1972,4133,1.105375769,0.030444965,0,1,0,0,43.6158,-116.2016
Idaho,12,1973,4686,1.133801113,0.036363636,0,1,0,0,43.6158,-116.2016
Idaho,12,1974,5353,1.142338882,0.083333333,0,1,0,0,43.6158,-116.2016
Idaho,12,1975,5573,1.041098449,0.091093118,0,1,0,0,43.6158,-116.2016
Idaho,12,1976,6100,1.094563072,0.064935065,0,1,0,0,43.6158,-116.2016
Idaho,12,1977,6479,1.062131148,0.06271777,0,1,0,0,43.6158,-116.2016
Idaho,12,1978,7253,1.11946288,0.073770491,0,1,0,0,43.6158,-116.2016
Idaho,12,1979,7796,1.074865573,0.097709924,0,1,0,0,43.6158,-116.2016
Idaho,12,1980,8637,1.107875834,0.123783032,0,1,0,0,43.6158,-116.2016
Idaho,12,1981,9378,1.085793678,0.103960396,0,1,0,0,43.6158,-116.2016
Idaho,12,1982,9622,1.026018341,0.073991032,0,1,0,0,43.6158,-116.2016
Idaho,12,1983,10331,1.073685305,0.039665971,0,1,0,0,43.6158,-116.2016
Idaho,12,1984,10988,1.063595005,0.050200803,0,1,0,0,43.6158,-116.2016
Idaho,12,1985,11497,1.046323262,0.043021033,0,1,0,0,43.6158,-116.2016
Idaho,12,1986,11774,1.024093242,0.040329972,0,1,0,0,43.6158,-116.2016
Idaho,12,1987,12428,1.055546119,0.041409692,0,1,0,0,43.6158,-116.2016
Idaho,12,1988,13437,1.081187641,0.043993232,0,1,0,0,43.6158,-116.2016
Idaho,12,1989,14632,1.088933542,0.045380875,0,1,0,0,43.6158,-116.2016
Idaho,12,1990,15603,1.0663614,0.050387597,0,1,0,0,43.6158,-116.2016
Idaho,12,1991,16015,1.026405178,0.048708487,0,1,0,0,43.6158,-116.2016
Idaho,12,1992,17063,1.065438651,0.036593948,0,1,0,0,43.6158,-116.2016
Illinois,13,1972,5262,1.081158825,0.030444965,1988,0,0,-16,39.6983,-89.6197
Illinois,13,1973,5892,1.11972634,0.036363636,1988,0,0,-15,39.6983,-89.6197
Illinois,13,1974,6452,1.095044128,0.083333333,1988,0,0,-14,39.6983,-89.6197
Illinois,13,1975,7008,1.08617483,0.091093118,1988,0,0,-13,39.6983,-89.6197
Illinois,13,1976,7620,1.087328767,0.064935065,1988,0,0,-12,39.6983,-89.6197
Illinois,13,1977,8359,1.096981627,0.06271777,1988,0,0,-11,39.6983,-89.6197
Illinois,13,1978,9222,1.103242015,0.073770491,1988,0,0,-10,39.6983,-89.6197
Illinois,13,1979,10140,1.099544567,0.097709924,1988,0,0,-9,39.6983,-89.6197
Illinois,13,1980,10980,1.082840237,0.123783032,1988,0,0,-8,39.6983,-89.6197
Illinois,13,1981,12150,1.106557377,0.103960396,1988,0,0,-7,39.6983,-89.6197
Illinois,13,1982,12868,1.05909465,0.073991032,1988,0,0,-6,39.6983,-89.6197
Illinois,13,1983,13420,1.042897109,0.039665971,1988,0,0,-5,39.6983,-89.6197
Illinois,13,1984,14760,1.099850969,0.050200803,1988,0,0,-4,39.6983,-89.6197
Illinois,13,1985,15524,1.051761518,0.043021033,1988,0,0,-3,39.6983,-89.6197
Illinois,13,1986,16304,1.050244782,0.040329972,1988,0,0,-2,39.6983,-89.6197
Illinois,13,1987,17236,1.057163886,0.041409692,1988,0,0,-1,39.6983,-89.6197
Illinois,13,1988,18551,1.076293804,0.043993232,1988,1,1,0,39.6983,-89.6197
Illinois,13,1989,19672,1.060428009,0.045380875,1988,1,0,1,39.6983,-89.6197
Illinois,13,1990,20835,1.059119561,0.050387597,1988,1,0,2,39.6983,-89.6197
Illinois,13,1991,21148,1.015022798,0.048708487,1988,1,0,3,39.6983,-89.6197
Illinois,13,1992,22553,1.066436542,0.036593948,1988,1,0,4,39.6983,-89.6197
Indiana,14,1972,4439,1.08639256,0.030444965,1989,0,0,-17,39.791,-86.148
Indiana,14,1973,5083,1.14507772,0.036363636,1989,0,0,-16,39.791,-86.148
Indiana,14,1974,5423,1.066889632,0.083333333,1989,0,0,-15,39.791,-86.148
Indiana,14,1975,5837,1.076341508,0.091093118,1989,0,0,-14,39.791,-86.148
Indiana,14,1976,6504,1.11427103,0.064935065,1989,0,0,-13,39.791,-86.148
Indiana,14,1977,7167,1.101937269,0.06271777,1989,0,0,-12,39.791,-86.148
Indiana,14,1978,7950,1.109250733,0.073770491,1989,0,0,-11,39.791,-86.148
Indiana,14,1979,8726,1.097610063,0.097709924,1989,0,0,-10,39.791,-86.148
Indiana,14,1980,9353,1.071854229,0.123783032,1989,0,0,-9,39.791,-86.148
Indiana,14,1981,10287,1.099861007,0.103960396,1989,0,0,-8,39.791,-86.148
Indiana,14,1982,10673,1.037523087,0.073991032,1989,0,0,-7,39.791,-86.148
Indiana,14,1983,11184,1.047877823,0.039665971,1989,0,0,-6,39.791,-86.148
Indiana,14,1984,12402,1.108905579,0.050200803,1989,0,0,-5,39.791,-86.148
Indiana,14,1985,13065,1.053459119,0.043021033,1989,0,0,-4,39.791,-86.148
Indiana,14,1986,13739,1.051588213,0.040329972,1989,0,0,-3,39.791,-86.148
Indiana,14,1987,14522,1.056991047,0.041409692,1989,0,0,-2,39.791,-86.148
Indiana,14,1988,15424,1.062112657,0.043993232,1989,0,0,-1,39.791,-86.148
Indiana,14,1989,16668,1.080653527,0.045380875,1989,1,1,0,39.791,-86.148
Indiana,14,1990,17454,1.047156228,0.050387597,1989,1,0,1,39.791,-86.148
Indiana,14,1991,17865,1.023547611,0.048708487,1989,1,0,2,39.791,-86.148
Indiana,14,1992,19099,1.069073608,0.036593948,1989,1,0,3,39.791,-86.148
Iowa,15,1972,4498,1.117515528,0.030444965,0,0,0,0,41.5908,-93.6208
Iowa,15,1973,5409,1.20253446,0.036363636,0,0,0,0,41.5908,-93.6208
Iowa,15,1974,5603,1.035866149,0.083333333,0,0,0,0,41.5908,-93.6208
Iowa,15,1975,6231,1.112082813,0.091093118,0,0,0,0,41.5908,-93.6208
Iowa,15,1976,6596,1.058578077,0.064935065,0,0,0,0,41.5908,-93.6208
Iowa,15,1977,7267,1.10172832,0.06271777,0,0,0,0,41.5908,-93.6208
Iowa,15,1978,8379,1.153020504,0.073770491,0,0,0,0,41.5908,-93.6208
Iowa,15,1979,8994,1.07339778,0.097709924,0,0,0,0,41.5908,-93.6208
Iowa,15,1980,9573,1.064376251,0.123783032,0,0,0,0,41.5908,-93.6208
Iowa,15,1981,10840,1.132351405,0.103960396,0,0,0,0,41.5908,-93.6208
Iowa,15,1982,11236,1.036531365,0.073991032,0,0,0,0,41.5908,-93.6208
Iowa,15,1983,11529,1.026076896,0.039665971,0,0,0,0,41.5908,-93.6208
Iowa,15,1984,12815,1.1115448,0.050200803,0,0,0,0,41.5908,-93.6208
Iowa,15,1985,13370,1.043308623,0.043021033,0,0,0,0,41.5908,-93.6208
Iowa,15,1986,13993,1.046596859,0.040329972,0,0,0,0,41.5908,-93.6208
Iowa,15,1987,14786,1.056671193,0.041409692,0,0,0,0,41.5908,-93.6208
Iowa,15,1988,15206,1.028405248,0.043993232,0,0,0,0,41.5908,-93.6208
Iowa,15,1989,16484,1.084045771,0.045380875,0,0,0,0,41.5908,-93.6208
Iowa,15,1990,17350,1.052535792,0.050387597,0,0,0,0,41.5908,-93.6208
Iowa,15,1991,17700,1.020172911,0.048708487,0,0,0,0,41.5908,-93.6208
Iowa,15,1992,18789,1.061525424,0.036593948,0,0,0,0,41.5908,-93.6208
Kansas,16,1972,4619,1.112475915,0.030444965,1987,0,0,-15,39.0558,-95.6894
Kansas,16,1973,5275,1.142022083,0.036363636,1987,0,0,-14,39.0558,-95.6894
Kansas,16,1974,5710,1.082464455,0.083333333,1987,0,0,-13,39.0558,-95.6894
Kansas,16,1975,6206,1.086865149,0.091093118,1987,0,0,-12,39.0558,-95.6894
Kansas,16,1976,6716,1.082178537,0.064935065,1987,0,0,-11,39.0558,-95.6894
Kansas,16,1977,7279,1.083829661,0.06271777,1987,0,0,-10,39.0558,-95.6894
Kansas,16,1978,8020,1.101799698,0.073770491,1987,0,0,-9,39.0558,-95.6894
Kansas,16,1979,9119,1.137032419,0.097709924,1987,0,0,-8,39.0558,-95.6894
Kansas,16,1980,9939,1.089922141,0.123783032,1987,0,0,-7,39.0558,-95.6894
Kansas,16,1981,11197,1.12657209,0.103960396,1987,0,0,-6,39.0558,-95.6894
Kansas,16,1982,12056,1.076716978,0.073991032,1987,0,0,-5,39.0558,-95.6894
Kansas,16,1983,12475,1.034754479,0.039665971,1987,0,0,-4,39.0558,-95.6894
Kansas,16,1984,13629,1.09250501,0.050200803,1987,0,0,-3,39.0558,-95.6894
Kansas,16,1985,14312,1.050113728,0.043021033,1987,0,0,-2,39.0558,-95.6894
Kansas,16,1986,14957,1.045067077,0.040329972,1987,0,0,-1,39.0558,-95.6894
Kansas,16,1987,15567,1.04078358,0.041409692,1987,1,1,0,39.0558,-95.6894
Kansas,16,1988,16207,1.04111261,0.043993232,1987,1,0,1,39.0558,-95.6894
Kansas,16,1989,17008,1.049423089,0.045380875,1987,1,0,2,39.0558,-95.6894
Kansas,16,1990,18034,1.060324553,0.050387597,1987,1,0,3,39.0558,-95.6894
Kansas,16,1991,18605,1.031662415,0.048708487,1987,1,0,4,39.0558,-95.6894
Kansas,16,1992,19710,1.059392636,0.036593948,1987,1,0,5,39.0558,-95.6894
Kentucky,17,1972,3705,1.095181791,0.030444965,1990,0,0,-18,38.201,-84.8733
Kentucky,17,1973,4132,1.115249663,0.036363636,1990,0,0,-17,38.201,-84.8733
Kentucky,17,1974,4595,1.112052275,0.083333333,1990,0,0,-16,38.201,-84.8733
Kentucky,17,1975,4940,1.07508161,0.091093118,1990,0,0,-15,38.201,-84.8733
Kentucky,17,1976,5457,1.10465587,0.064935065,1990,0,0,-14,38.201,-84.8733
Kentucky,17,1977,6075,1.113249038,0.06271777,1990,0,0,-13,38.201,-84.8733
Kentucky,17,1978,6758,1.112427984,0.073770491,1990,0,0,-12,38.201,-84.8733
Kentucky,17,1979,7603,1.125036993,0.097709924,1990,0,0,-11,38.201,-84.8733
Kentucky,17,1980,8113,1.067078785,0.123783032,1990,0,0,-10,38.201,-84.8733
Kentucky,17,1981,8992,1.108344632,0.103960396,1990,0,0,-9,38.201,-84.8733
Kentucky,17,1982,9552,1.06227758,0.073991032,1990,0,0,-8,38.201,-84.8733
Kentucky,17,1983,9861,1.032349246,0.039665971,1990,0,0,-7,38.201,-84.8733
Kentucky,17,1984,11035,1.119054863,0.050200803,1990,0,0,-6,38.201,-84.8733
Kentucky,17,1985,11503,1.042410512,0.043021033,1990,0,0,-5,38.201,-84.8733
Kentucky,17,1986,11819,1.027471094,0.040329972,1990,0,0,-4,38.201,-84.8733
Kentucky,17,1987,12485,1.056349945,0.041409692,1990,0,0,-3,38.201,-84.8733
Kentucky,17,1988,13553,1.085542651,0.043993232,1990,0,0,-2,38.201,-84.8733
Kentucky,17,1989,14530,1.072087361,0.045380875,1990,0,0,-1,38.201,-84.8733
Kentucky,17,1990,15360,1.057123193,0.050387597,1990,1,1,0,38.201,-84.8733
Kentucky,17,1991,16142,1.050911458,0.048708487,1990,1,0,1,38.201,-84.8733
Kentucky,17,1992,17150,1.062445794,0.036593948,1990,1,0,2,38.201,-84.8733
Louisiana,18,1972,3576,1.080362538,0.030444965,1988,0,0,-16,30.4495,-91.0934
Louisiana,18,1973,3977,1.112136465,0.036363636,1988,0,0,-15,30.4495,-91.0934
Louisiana,18,1974,4493,1.12974604,0.083333333,1988,0,0,-14,30.4495,-91.0934
Louisiana,18,1975,4958,1.103494325,0.091093118,1988,0,0,-13,30.4495,-91.0934
Louisiana,18,1976,5549,1.119201291,0.064935065,1988,0,0,-12,30.4495,-91.0934
Louisiana,18,1977,6107,1.100558659,0.06271777,1988,0,0,-11,30.4495,-91.0934
Louisiana,18,1978,6912,1.131815949,0.073770491,1988,0,0,-10,30.4495,-91.0934
Louisiana,18,1979,7744,1.12037037,0.097709924,1988,0,0,-9,30.4495,-91.0934
Louisiana,18,1980,8767,1.132102273,0.123783032,1988,0,0,-8,30.4495,-91.0934
Louisiana,18,1981,9991,1.139614463,0.103960396,1988,0,0,-7,30.4495,-91.0934
Louisiana,18,1982,10561,1.057051346,0.073991032,1988,0,0,-6,30.4495,-91.0934
Louisiana,18,1983,10871,1.029353281,0.039665971,1988,0,0,-5,30.4495,-91.0934
Louisiana,18,1984,11595,1.066599209,0.050200803,1988,0,0,-4,30.4495,-91.0934
Louisiana,18,1985,12024,1.036998706,0.043021033,1988,0,0,-3,30.4495,-91.0934
Louisiana,18,1986,11998,0.997837658,0.040329972,1988,0,0,-2,30.4495,-91.0934
Louisiana,18,1987,12219,1.018419737,0.041409692,1988,0,0,-1,30.4495,-91.0934
Louisiana,18,1988,13029,1.066290204,0.043993232,1988,1,1,0,30.4495,-91.0934
Louisiana,18,1989,13963,1.071686238,0.045380875,1988,1,0,1,30.4495,-91.0934
Louisiana,18,1990,15171,1.086514359,0.050387597,1988,1,0,2,30.4495,-91.0934
Louisiana,18,1991,15931,1.050095577,0.048708487,1988,1,0,3,30.4495,-91.0934
Louisiana,18,1992,16857,1.058125667,0.036593948,1988,1,0,4,30.4495,-91.0934
Maine,19,1972,3858,1.074651811,0.030444965,1975,0,0,-3,44.3235,-69.7653
Maine,19,1973,4308,1.116640747,0.036363636,1975,0,0,-2,44.3235,-69.7653
Maine,19,1974,4747,1.101903435,0.083333333,1975,0,0,-1,44.3235,-69.7653
Maine,19,1975,5026,1.058773963,0.091093118,1975,1,1,0,44.3235,-69.7653
Maine,19,1976,5698,1.133704735,0.064935065,1975,1,0,1,44.3235,-69.7653
Maine,19,1977,6116,1.073359073,0.06271777,1975,1,0,2,44.3235,-69.7653
Maine,19,1978,6700,1.095487247,0.073770491,1975,1,0,3,44.3235,-69.7653
Maine,19,1979,7412,1.106268657,0.097709924,1975,1,0,4,44.3235,-69.7653
Maine,19,1980,8333,1.12425796,0.123783032,1975,1,0,5,44.3235,-69.7653
Maine,19,1981,9164,1.099723989,0.103960396,1975,1,0,6,44.3235,-69.7653
Maine,19,1982,9901,1.080423396,0.073991032,1975,1,0,7,44.3235,-69.7653
Maine,19,1983,10548,1.065346935,0.039665971,1975,1,0,8,44.3235,-69.7653
Maine,19,1984,11628,1.102389078,0.050200803,1975,1,0,9,44.3235,-69.7653
Maine,19,1985,12462,1.071723426,0.043021033,1975,1,0,10,44.3235,-69.7653
Maine,19,1986,13406,1.075750281,0.040329972,1975,1,0,11,44.3235,-69.7653
Maine,19,1987,14434,1.076682083,0.041409692,1975,1,0,12,44.3235,-69.7653
Maine,19,1988,15593,1.080296522,0.043993232,1975,1,0,13,44.3235,-69.7653
Maine,19,1989,16683,1.069903162,0.045380875,1975,1,0,14,44.3235,-69.7653
Maine,19,1990,17211,1.031648984,0.050387597,1975,1,0,15,44.3235,-69.7653
Maine,19,1991,17457,1.014293185,0.048708487,1975,1,0,16,44.3235,-69.7653
Maine,19,1992,18214,1.043363694,0.036593948,1975,1,0,17,44.3235,-69.7653
Maryland,20,1972,5281,1.08195042,0.030444965,0,1,0,0,38.9729,-76.5012
Maryland,20,1973,5805,1.099223632,0.036363636,0,1,0,0,38.9729,-76.5012
Maryland,20,1974,6368,1.096985357,0.083333333,0,1,0,0,38.9729,-76.5012
Maryland,20,1975,6890,1.081972362,0.091093118,0,1,0,0,38.9729,-76.5012
Maryland,20,1976,7534,1.093468795,0.064935065,0,1,0,0,38.9729,-76.5012
Maryland,20,1977,8174,1.084948235,0.06271777,0,1,0,0,38.9729,-76.5012
Maryland,20,1978,9030,1.10472229,0.073770491,0,1,0,0,38.9729,-76.5012
Maryland,20,1979,9971,1.104208195,0.097709924,0,1,0,0,38.9729,-76.5012
Maryland,20,1980,11164,1.119646976,0.123783032,0,1,0,0,38.9729,-76.5012
Maryland,20,1981,12335,1.10489072,0.103960396,0,1,0,0,38.9729,-76.5012
Maryland,20,1982,13334,1.080989056,0.073991032,0,1,0,0,38.9729,-76.5012
Maryland,20,1983,14281,1.071021449,0.039665971,0,1,0,0,38.9729,-76.5012
Maryland,20,1984,15701,1.099432813,0.050200803,0,1,0,0,38.9729,-76.5012
Maryland,20,1985,16935,1.07859372,0.043021033,0,1,0,0,38.9729,-76.5012
Maryland,20,1986,17932,1.058872158,0.040329972,0,1,0,0,38.9729,-76.5012
Maryland,20,1987,19067,1.063294669,0.041409692,0,1,0,0,38.9729,-76.5012
Maryland,20,1988,20468,1.073477736,0.043993232,0,1,0,0,38.9729,-76.5012
Maryland,20,1989,21733,1.061803791,0.045380875,0,1,0,0,38.9729,-76.5012
Maryland,20,1990,22681,1.043620301,0.050387597,0,1,0,0,38.9729,-76.5012
Maryland,20,1991,23282,1.02649795,0.048708487,0,1,0,0,38.9729,-76.5012
Maryland,20,1992,24112,1.035649858,0.036593948,0,1,0,0,38.9729,-76.5012
Massachusetts,21,1972,5102,1.075690491,0.030444965,1984,0,0,-12,42.3581,-71.0636
Massachusetts,21,1973,5541,1.086044688,0.036363636,1984,0,0,-11,42.3581,-71.0636
Massachusetts,21,1974,6011,1.084822234,0.083333333,1984,0,0,-10,42.3581,-71.0636
Massachusetts,21,1975,6453,1.073531858,0.091093118,1984,0,0,-9,42.3581,-71.0636
Massachusetts,21,1976,6993,1.083682008,0.064935065,1984,0,0,-8,42.3581,-71.0636
Massachusetts,21,1977,7611,1.088374088,0.06271777,1984,0,0,-7,42.3581,-71.0636
Massachusetts,21,1978,8422,1.1065563,0.073770491,1984,0,0,-6,42.3581,-71.0636
Massachusetts,21,1979,9371,1.112681073,0.097709924,1984,0,0,-5,42.3581,-71.0636
Massachusetts,21,1980,10570,1.127947924,0.123783032,1984,0,0,-4,42.3581,-71.0636
Massachusetts,21,1981,11744,1.111069063,0.103960396,1984,0,0,-3,42.3581,-71.0636
Massachusetts,21,1982,12892,1.097752044,0.073991032,1984,0,0,-2,42.3581,-71.0636
Massachusetts,21,1983,13942,1.081445858,0.039665971,1984,0,0,-1,42.3581,-71.0636
Massachusetts,21,1984,15639,1.121718548,0.050200803,1984,1,1,0,42.3581,-71.0636
Massachusetts,21,1985,16798,1.074109598,0.043021033,1984,1,0,1,42.3581,-71.0636
Massachusetts,21,1986,18003,1.07173473,0.040329972,1984,1,0,2,42.3581,-71.0636
Massachusetts,21,1987,19397,1.077431539,0.041409692,1984,1,0,3,42.3581,-71.0636
Massachusetts,21,1988,21127,1.08918905,0.043993232,1984,1,0,4,42.3581,-71.0636
Massachusetts,21,1989,22095,1.045818147,0.045380875,1984,1,0,5,42.3581,-71.0636
Massachusetts,21,1990,22797,1.031771894,0.050387597,1984,1,0,6,42.3581,-71.0636
Massachusetts,21,1991,23314,1.022678423,0.048708487,1984,1,0,7,42.3581,-71.0636
Massachusetts,21,1992,24422,1.047525092,0.036593948,1984,1,0,8,42.3581,-71.0636
Michigan,22,1972,4970,1.104199067,0.030444965,1987,0,0,-15,42.7336,-84.5539
Michigan,22,1973,5552,1.117102616,0.036363636,1987,0,0,-14,42.7336,-84.5539
Michigan,22,1974,5926,1.067363112,0.083333333,1987,0,0,-13,42.7336,-84.5539
Michigan,22,1975,6307,1.064292946,0.091093118,1987,0,0,-12,42.7336,-84.5539
Michigan,22,1976,7092,1.12446488,0.064935065,1987,0,0,-11,42.7336,-84.5539
Michigan,22,1977,7950,1.120981387,0.06271777,1987,0,0,-10,42.7336,-84.5539
Michigan,22,1978,8800,1.106918239,0.073770491,1987,0,0,-9,42.7336,-84.5539
Michigan,22,1979,9629,1.094204545,0.097709924,1987,0,0,-8,42.7336,-84.5539
Michigan,22,1980,10291,1.068750649,0.123783032,1987,0,0,-7,42.7336,-84.5539
Michigan,22,1981,11075,1.076183073,0.103960396,1987,0,0,-6,42.7336,-84.5539
Michigan,22,1982,11522,1.040361174,0.073991032,1987,0,0,-5,42.7336,-84.5539
Michigan,22,1983,12284,1.066134352,0.039665971,1987,0,0,-4,42.7336,-84.5539
Michigan,22,1984,13588,1.106154347,0.050200803,1987,0,0,-3,42.7336,-84.5539
Michigan,22,1985,14685,1.080733,0.043021033,1987,0,0,-2,42.7336,-84.5539
Michigan,22,1986,15520,1.056860742,0.040329972,1987,0,0,-1,42.7336,-84.5539
Michigan,22,1987,15964,1.028608247,0.041409692,1987,1,1,0,42.7336,-84.5539
Michigan,22,1988,16894,1.058256076,0.043993232,1987,1,0,1,42.7336,-84.5539
Michigan,22,1989,18072,1.069728898,0.045380875,1987,1,0,2,42.7336,-84.5539
Michigan,22,1990,18719,1.035801239,0.050387597,1987,1,0,3,42.7336,-84.5539
Michigan,22,1991,19129,1.021902879,0.048708487,1987,1,0,4,42.7336,-84.5539
Michigan,22,1992,20179,1.05489048,0.036593948,1987,1,0,5,42.7336,-84.5539
Minnesota,23,1972,4626,1.083372365,0.030444965,0,0,0,0,44.9437,-93.0943
Minnesota,23,1973,5421,1.171854734,0.036363636,0,0,0,0,44.9437,-93.0943
Minnesota,23,1974,5824,1.074340528,0.083333333,0,0,0,0,44.9437,-93.0943
Minnesota,23,1975,6231,1.069883242,0.091093118,0,0,0,0,44.9437,-93.0943
Minnesota,23,1976,6725,1.079281014,0.064935065,0,0,0,0,44.9437,-93.0943
Minnesota,23,1977,7538,1.120892193,0.06271777,0,0,0,0,44.9437,-93.0943
Minnesota,23,1978,8420,1.117007164,0.073770491,0,0,0,0,44.9437,-93.0943
Minnesota,23,1979,9312,1.105938242,0.097709924,0,0,0,0,44.9437,-93.0943
Minnesota,23,1980,10229,1.098475086,0.123783032,0,0,0,0,44.9437,-93.0943
Minnesota,23,1981,11258,1.100596344,0.103960396,0,0,0,0,44.9437,-93.0943
Minnesota,23,1982,12015,1.067241073,0.073991032,0,0,0,0,44.9437,-93.0943
Minnesota,23,1983,12649,1.052767374,0.039665971,0,0,0,0,44.9437,-93.0943
Minnesota,23,1984,14250,1.12657127,0.050200803,0,0,0,0,44.9437,-93.0943
Minnesota,23,1985,15023,1.054245614,0.043021033,0,0,0,0,44.9437,-93.0943
Minnesota,23,1986,15810,1.052386341,0.040329972,0,0,0,0,44.9437,-93.0943
Minnesota,23,1987,16737,1.058633776,0.041409692,0,0,0,0,44.9437,-93.0943
Minnesota,23,1988,17351,1.036685189,0.043993232,0,0,0,0,44.9437,-93.0943
Minnesota,23,1989,18744,1.080283557,0.045380875,0,0,0,0,44.9437,-93.0943
Minnesota,23,1990,19710,1.051536492,0.050387597,0,0,0,0,44.9437,-93.0943
Minnesota,23,1991,20129,1.021258245,0.048708487,0,0,0,0,44.9437,-93.0943
Minnesota,23,1992,21306,1.05847285,0.036593948,0,0,0,0,44.9437,-93.0943
Mississippi,24,1972,3194,1.118739054,0.030444965,1986,0,0,-14,32.2989,-90.1847
Mississippi,24,1973,3597,1.126174076,0.036363636,1986,0,0,-13,32.2989,-90.1847
Mississippi,24,1974,3920,1.089797053,0.083333333,1986,0,0,-12,32.2989,-90.1847
Mississippi,24,1975,4207,1.073214286,0.091093118,1986,0,0,-11,32.2989,-90.1847
Mississippi,24,1976,4746,1.1281198,0.064935065,1986,0,0,-10,32.2989,-90.1847
Mississippi,24,1977,5233,1.102612727,0.06271777,1986,0,0,-9,32.2989,-90.1847
Mississippi,24,1978,5768,1.102235811,0.073770491,1986,0,0,-8,32.2989,-90.1847
Mississippi,24,1979,6491,1.125346741,0.097709924,1986,0,0,-7,32.2989,-90.1847
Mississippi,24,1980,7005,1.079186566,0.123783032,1986,0,0,-6,32.2989,-90.1847
Mississippi,24,1981,7842,1.119486081,0.103960396,1986,0,0,-5,32.2989,-90.1847
Mississippi,24,1982,8231,1.049604693,0.073991032,1986,0,0,-4,32.2989,-90.1847
Mississippi,24,1983,8570,1.041185761,0.039665971,1986,0,0,-3,32.2989,-90.1847
Mississippi,24,1984,9377,1.094165694,0.050200803,1986,0,0,-2,32.2989,-90.1847
Mississippi,24,1985,9857,1.05118908,0.043021033,1986,0,0,-1,32.2989,-90.1847
Mississippi,24,1986,10174,1.032159886,0.040329972,1986,1,1,0,32.2989,-90.1847
Mississippi,24,1987,10799,1.061431099,0.041409692,1986,1,0,1,32.2989,-90.1847
Mississippi,24,1988,11566,1.071025095,0.043993232,1986,1,0,2,32.2989,-90.1847
Mississippi,24,1989,12499,1.080667474,0.045380875,1986,1,0,3,32.2989,-90.1847
Mississippi,24,1990,13117,1.049443956,0.050387597,1986,1,0,4,32.2989,-90.1847
Mississippi,24,1991,13749,1.048181749,0.048708487,1986,1,0,5,32.2989,-90.1847
Mississippi,24,1992,14651,1.065604771,0.036593948,1986,1,0,6,32.2989,-90.1847
Missouri,25,1972,4453,1.08135017,0.030444965,1990,0,0,-18,38.5767,-92.1736
Missouri,25,1973,4935,1.108241635,0.036363636,1990,0,0,-17,38.5767,-92.1736
Missouri,25,1974,5280,1.069908815,0.083333333,1990,0,0,-16,38.5767,-92.1736
Missouri,25,1975,5759,1.090719697,0.091093118,1990,0,0,-15,38.5767,-92.1736
Missouri,25,1976,6313,1.096197256,0.064935065,1990,0,0,-14,38.5767,-92.1736
Missouri,25,1977,6986,1.106605417,0.06271777,1990,0,0,-13,38.5767,-92.1736
Missouri,25,1978,7753,1.109791011,0.073770491,1990,0,0,-12,38.5767,-92.1736
Missouri,25,1979,8632,1.113375468,0.097709924,1990,0,0,-11,38.5767,-92.1736
Missouri,25,1980,9306,1.078081557,0.123783032,1990,0,0,-10,38.5767,-92.1736
Missouri,25,1981,10383,1.115731786,0.103960396,1990,0,0,-9,38.5767,-92.1736
Missouri,25,1982,11110,1.070018299,0.073991032,1990,0,0,-8,38.5767,-92.1736
Missouri,25,1983,11808,1.062826283,0.039665971,1990,0,0,-7,38.5767,-92.1736
Missouri,25,1984,13011,1.101880081,0.050200803,1990,0,0,-6,38.5767,-92.1736
Missouri,25,1985,13836,1.063407886,0.043021033,1990,0,0,-5,38.5767,-92.1736
Missouri,25,1986,14471,1.045894767,0.040329972,1990,0,0,-4,38.5767,-92.1736
Missouri,25,1987,15139,1.046161288,0.041409692,1990,0,0,-3,38.5767,-92.1736
Missouri,25,1988,15926,1.05198494,0.043993232,1990,0,0,-2,38.5767,-92.1736
Missouri,25,1989,16928,1.062915986,0.045380875,1990,0,0,-1,38.5767,-92.1736
Missouri,25,1990,17582,1.038634216,0.050387597,1990,1,1,0,38.5767,-92.1736
Missouri,25,1991,18320,1.041974747,0.048708487,1990,1,0,1,38.5767,-92.1736
Missouri,25,1992,19327,1.054967249,0.036593948,1990,1,0,2,38.5767,-92.1736
Montana,26,1972,4350,1.147757256,0.030444965,1990,0,0,-18,46.5958,-112.027
Montana,26,1973,5000,1.149425287,0.036363636,1990,0,0,-17,46.5958,-112.027
Montana,26,1974,5367,1.0734,0.083333333,1990,0,0,-16,46.5958,-112.027
Montana,26,1975,5814,1.083286752,0.091093118,1990,0,0,-15,46.5958,-112.027
Montana,26,1976,6202,1.066735466,0.064935065,1990,0,0,-14,46.5958,-112.027
Montana,26,1977,6622,1.06772009,0.06271777,1990,0,0,-13,46.5958,-112.027
Montana,26,1978,7655,1.155995168,0.073770491,1990,0,0,-12,46.5958,-112.027
Montana,26,1979,8192,1.070150229,0.097709924,1990,0,0,-11,46.5958,-112.027
Montana,26,1980,9038,1.103271484,0.123783032,1990,0,0,-10,46.5958,-112.027
Montana,26,1981,10187,1.127129896,0.103960396,1990,0,0,-9,46.5958,-112.027
Montana,26,1982,10628,1.043290468,0.073991032,1990,0,0,-8,46.5958,-112.027
Montana,26,1983,11054,1.0400828,0.039665971,1990,0,0,-7,46.5958,-112.027
Montana,26,1984,11617,1.050931789,0.050200803,1990,0,0,-6,46.5958,-112.027
Montana,26,1985,11762,1.012481708,0.043021033,1990,0,0,-5,46.5958,-112.027
Montana,26,1986,12350,1.049991498,0.040329972,1990,0,0,-4,46.5958,-112.027
Montana,26,1987,12848,1.040323887,0.041409692,1990,0,0,-3,46.5958,-112.027
Montana,26,1988,13241,1.030588418,0.043993232,1990,0,0,-2,46.5958,-112.027
Montana,26,1989,14569,1.10029454,0.045380875,1990,0,0,-1,46.5958,-112.027
Montana,26,1990,15346,1.053332418,0.050387597,1990,1,1,0,46.5958,-112.027
Montana,26,1991,16250,1.058907859,0.048708487,1990,1,0,1,46.5958,-112.027
Montana,26,1992,16859,1.037476923,0.036593948,1990,1,0,2,46.5958,-112.027
Nebraska,27,1972,4525,1.098567613,0.030444965,1985,0,0,-13,40.8136,-96.7026
Nebraska,27,1973,5259,1.162209945,0.036363636,1985,0,0,-12,40.8136,-96.7026
Nebraska,27,1974,5452,1.036698992,0.083333333,1985,0,0,-11,40.8136,-96.7026
Nebraska,27,1975,6182,1.133895818,0.091093118,1985,0,0,-10,40.8136,-96.7026
Nebraska,27,1976,6445,1.042542866,0.064935065,1985,0,0,-9,40.8136,-96.7026
Nebraska,27,1977,6961,1.080062064,0.06271777,1985,0,0,-8,40.8136,-96.7026
Nebraska,27,1978,8030,1.153569889,0.073770491,1985,0,0,-7,40.8136,-96.7026
Nebraska,27,1979,8646,1.076712329,0.097709924,1985,0,0,-6,40.8136,-96.7026
Nebraska,27,1980,9155,1.058871154,0.123783032,1985,0,0,-5,40.8136,-96.7026
Nebraska,27,1981,10579,1.155543419,0.103960396,1985,0,0,-4,40.8136,-96.7026
Nebraska,27,1982,11361,1.07392003,0.073991032,1985,0,0,-3,40.8136,-96.7026
Nebraska,27,1983,11749,1.034151923,0.039665971,1985,0,0,-2,40.8136,-96.7026
Nebraska,27,1984,13040,1.109881692,0.050200803,1985,0,0,-1,40.8136,-96.7026
Nebraska,27,1985,13756,1.054907975,0.043021033,1985,1,1,0,40.8136,-96.7026
Nebraska,27,1986,14232,1.034603082,0.040329972,1985,1,0,1,40.8136,-96.7026
Nebraska,27,1987,14947,1.050238898,0.041409692,1985,1,0,2,40.8136,-96.7026
Nebraska,27,1988,15915,1.06476216,0.043993232,1985,1,0,3,40.8136,-96.7026
Nebraska,27,1989,16790,1.054979579,0.045380875,1985,1,0,4,40.8136,-96.7026
Nebraska,27,1990,17948,1.068969625,0.050387597,1985,1,0,5,40.8136,-96.7026
Nebraska,27,1991,18523,1.032036996,0.048708487,1985,1,0,6,40.8136,-96.7026
Nebraska,27,1992,19403,1.047508503,0.036593948,1985,1,0,7,40.8136,-96.7026
Nevada,28,1972,5553,1.064200843,0.030444965,0,1,0,0,39.1608,-119.7539
Nevada,28,1973,6093,1.097244733,0.036363636,0,1,0,0,39.1608,-119.7539
Nevada,28,1974,6479,1.063351387,0.083333333,0,1,0,0,39.1608,-119.7539
Nevada,28,1975,7029,1.084889643,0.091093118,0,1,0,0,39.1608,-119.7539
Nevada,28,1976,7731,1.099871959,0.064935065,0,1,0,0,39.1608,-119.7539
Nevada,28,1977,8519,1.101927306,0.06271777,0,1,0,0,39.1608,-119.7539
Nevada,28,1978,9718,1.140744219,0.073770491,0,1,0,0,39.1608,-119.7539
Nevada,28,1979,10639,1.094772587,0.097709924,0,1,0,0,39.1608,-119.7539
Nevada,28,1980,11679,1.097753548,0.123783032,0,1,0,0,39.1608,-119.7539
Nevada,28,1981,12711,1.08836373,0.103960396,0,1,0,0,39.1608,-119.7539
Nevada,28,1982,13104,1.030918102,0.073991032,0,1,0,0,39.1608,-119.7539
Nevada,28,1983,13600,1.037851038,0.039665971,0,1,0,0,39.1608,-119.7539
Nevada,28,1984,14501,1.06625,0.050200803,0,1,0,0,39.1608,-119.7539
Nevada,28,1985,15310,1.055789256,0.043021033,0,1,0,0,39.1608,-119.7539
Nevada,28,1986,15992,1.044546048,0.040329972,0,1,0,0,39.1608,-119.7539
Nevada,28,1987,16713,1.045085043,0.041409692,0,1,0,0,39.1608,-119.7539
Nevada,28,1988,18052,1.080117274,0.043993232,0,1,0,0,39.1608,-119.7539
Nevada,28,1989,19165,1.061655218,0.045380875,0,1,0,0,39.1608,-119.7539
Nevada,28,1990,20042,1.045760501,0.050387597,0,1,0,0,39.1608,-119.7539
Nevada,28,1991,20777,1.036672987,0.048708487,0,1,0,0,39.1608,-119.7539
Nevada,28,1992,22099,1.06362805,0.036593948,0,1,0,0,39.1608,-119.7539
New Hampshire,29,1972,4411,1.078220484,0.030444965,1987,0,0,-15,43.2067,-71.5381
New Hampshire,29,1973,4863,1.102471095,0.036363636,1987,0,0,-14,43.2067,-71.5381
New Hampshire,29,1974,5262,1.082048118,0.083333333,1987,0,0,-13,43.2067,-71.5381
New Hampshire,29,1975,5602,1.064614215,0.091093118,1987,0,0,-12,43.2067,-71.5381
New Hampshire,29,1976,6249,1.115494466,0.064935065,1987,0,0,-11,43.2067,-71.5381
New Hampshire,29,1977,6866,1.098735798,0.06271777,1987,0,0,-10,43.2067,-71.5381
New Hampshire,29,1978,7730,1.12583746,0.073770491,1987,0,0,-9,43.2067,-71.5381
New Hampshire,29,1979,8686,1.123673997,0.097709924,1987,0,0,-8,43.2067,-71.5381
New Hampshire,29,1980,9816,1.130094405,0.123783032,1987,0,0,-7,43.2067,-71.5381
New Hampshire,29,1981,10985,1.11909128,0.103960396,1987,0,0,-6,43.2067,-71.5381
New Hampshire,29,1982,11979,1.090487028,0.073991032,1987,0,0,-5,43.2067,-71.5381
New Hampshire,29,1983,13015,1.086484682,0.039665971,1987,0,0,-4,43.2067,-71.5381
New Hampshire,29,1984,14455,1.110641567,0.050200803,1987,0,0,-3,43.2067,-71.5381
New Hampshire,29,1985,15663,1.083569699,0.043021033,1987,0,0,-2,43.2067,-71.5381
New Hampshire,29,1986,16819,1.073804507,0.040329972,1987,0,0,-1,43.2067,-71.5381
New Hampshire,29,1987,18088,1.075450383,0.041409692,1987,1,1,0,43.2067,-71.5381
New Hampshire,29,1988,19361,1.070378151,0.043993232,1987,1,0,1,43.2067,-71.5381
New Hampshire,29,1989,20235,1.045142296,0.045380875,1987,1,0,2,43.2067,-71.5381
New Hampshire,29,1990,20236,1.000049419,0.050387597,1987,1,0,3,43.2067,-71.5381
New Hampshire,29,1991,21056,1.040521842,0.048708487,1987,1,0,4,43.2067,-71.5381
New Hampshire,29,1992,21861,1.038231383,0.036593948,1987,1,0,5,43.2067,-71.5381
New Jersey,30,1972,5513,1.078231958,0.030444965,1977,0,0,-5,40.2237,-74.764
New Jersey,30,1973,6027,1.093234174,0.036363636,1977,0,0,-4,40.2237,-74.764
New Jersey,30,1974,6561,1.088601294,0.083333333,1977,0,0,-3,40.2237,-74.764
New Jersey,30,1975,7053,1.074988569,0.091093118,1977,0,0,-2,40.2237,-74.764
New Jersey,30,1976,7699,1.09159223,0.064935065,1977,0,0,-1,40.2237,-74.764
New Jersey,30,1977,8439,1.096116379,0.06271777,1977,1,1,0,40.2237,-74.764
New Jersey,30,1978,9359,1.109017656,0.073770491,1977,1,0,1,40.2237,-74.764
New Jersey,30,1979,10372,1.10823806,0.097709924,1977,1,0,2,40.2237,-74.764
New Jersey,30,1980,11676,1.125723101,0.123783032,1977,1,0,3,40.2237,-74.764
New Jersey,30,1981,12986,1.112195958,0.103960396,1977,1,0,4,40.2237,-74.764
New Jersey,30,1982,13997,1.077853073,0.073991032,1977,1,0,5,40.2237,-74.764
New Jersey,30,1983,15027,1.073587197,0.039665971,1977,1,0,6,40.2237,-74.764
New Jersey,30,1984,16506,1.098422839,0.050200803,1977,1,0,7,40.2237,-74.764
New Jersey,30,1985,17571,1.064521992,0.043021033,1977,1,0,8,40.2237,-74.764
New Jersey,30,1986,18618,1.059586819,0.040329972,1977,1,0,9,40.2237,-74.764
New Jersey,30,1987,19952,1.07165109,0.041409692,1977,1,0,10,40.2237,-74.764
New Jersey,30,1988,21763,1.090767843,0.043993232,1977,1,0,11,40.2237,-74.764
New Jersey,30,1989,23235,1.067637734,0.045380875,1977,1,0,12,40.2237,-74.764
New Jersey,30,1990,24354,1.048160103,0.050387597,1977,1,0,13,40.2237,-74.764
New Jersey,30,1991,24754,1.016424407,0.048708487,1977,1,0,14,40.2237,-74.764
New Jersey,30,1992,26270,1.061242627,0.036593948,1977,1,0,15,40.2237,-74.764
New Mexico,31,1972,3748,1.097189696,0.030444965,1991,0,0,-19,35.6672,-105.9644
New Mexico,31,1973,4119,1.098986126,0.036363636,1991,0,0,-18,35.6672,-105.9644
New Mexico,31,1974,4551,1.104879825,0.083333333,1991,0,0,-17,35.6672,-105.9644
New Mexico,31,1975,5050,1.109646232,0.091093118,1991,0,0,-16,35.6672,-105.9644
New Mexico,31,1976,5520,1.093069307,0.064935065,1991,0,0,-15,35.6672,-105.9644
New Mexico,31,1977,6059,1.097644928,0.06271777,1991,0,0,-14,35.6672,-105.9644
New Mexico,31,1978,6802,1.122627496,0.073770491,1991,0,0,-13,35.6672,-105.9644
New Mexico,31,1979,7545,1.109232579,0.097709924,1991,0,0,-12,35.6672,-105.9644
New Mexico,31,1980,8331,1.10417495,0.123783032,1991,0,0,-11,35.6672,-105.9644
New Mexico,31,1981,9286,1.114632097,0.103960396,1991,0,0,-10,35.6672,-105.9644
New Mexico,31,1982,9916,1.067844066,0.073991032,1991,0,0,-9,35.6672,-105.9644
New Mexico,31,1983,10434,1.052238806,0.039665971,1991,0,0,-8,35.6672,-105.9644
New Mexico,31,1984,11233,1.076576577,0.050200803,1991,0,0,-7,35.6672,-105.9644
New Mexico,31,1985,11959,1.064630998,0.043021033,1991,0,0,-6,35.6672,-105.9644
New Mexico,31,1986,12217,1.02157371,0.040329972,1991,0,0,-5,35.6672,-105.9644
New Mexico,31,1987,12638,1.034460178,0.041409692,1991,0,0,-4,35.6672,-105.9644
New Mexico,31,1988,13227,1.046605476,0.043993232,1991,0,0,-3,35.6672,-105.9644
New Mexico,31,1989,14009,1.059121494,0.045380875,1991,0,0,-2,35.6672,-105.9644
New Mexico,31,1990,14823,1.058105504,0.050387597,1991,0,0,-1,35.6672,-105.9644
New Mexico,31,1991,15577,1.050866896,0.048708487,1991,1,1,0,35.6672,-105.9644
New Mexico,31,1992,16260,1.043846697,0.036593948,1991,1,0,1,35.6672,-105.9644
New York,32,1972,5528,1.070073558,0.030444965,1976,0,0,-4,42.6525,-73.7572
New York,32,1973,5963,1.078690304,0.036363636,1976,0,0,-3,42.6525,-73.7572
New York,32,1974,6474,1.08569512,0.083333333,1976,0,0,-2,42.6525,-73.7572
New York,32,1975,6970,1.076614149,0.091093118,1976,0,0,-1,42.6525,-73.7572
New York,32,1976,7469,1.071592539,0.064935065,1976,1,1,0,42.6525,-73.7572
New York,32,1977,8132,1.088766903,0.06271777,1976,1,0,1,42.6525,-73.7572
New York,32,1978,8928,1.097884899,0.073770491,1976,1,0,2,42.6525,-73.7572
New York,32,1979,9819,1.099798387,0.097709924,1976,1,0,3,42.6525,-73.7572
New York,32,1980,10985,1.118749363,0.123783032,1976,1,0,4,42.6525,-73.7572
New York,32,1981,12260,1.116067365,0.103960396,1976,1,0,5,42.6525,-73.7572
New York,32,1982,13321,1.086541599,0.073991032,1976,1,0,6,42.6525,-73.7572
New York,32,1983,14267,1.07101569,0.039665971,1976,1,0,7,42.6525,-73.7572
New York,32,1984,15727,1.102334058,0.050200803,1976,1,0,8,42.6525,-73.7572
New York,32,1985,16761,1.065746805,0.043021033,1976,1,0,9,42.6525,-73.7572
New York,32,1986,17833,1.063957998,0.040329972,1976,1,0,10,42.6525,-73.7572
New York,32,1987,18978,1.064206808,0.041409692,1976,1,0,11,42.6525,-73.7572
New York,32,1988,20720,1.091790494,0.043993232,1976,1,0,12,42.6525,-73.7572
New York,32,1989,22202,1.071525097,0.045380875,1976,1,0,13,42.6525,-73.7572
New York,32,1990,23710,1.067921809,0.050387597,1976,1,0,14,42.6525,-73.7572
New York,32,1991,23685,0.998945593,0.048708487,1976,1,0,15,42.6525,-73.7572
New York,32,1992,24693,1.042558581,0.036593948,1976,1,0,16,42.6525,-73.7572
North Carolina,33,1972,3890,1.111428571,0.030444965,0,1,0,0,35.7806,-78.6389
North Carolina,33,1973,4353,1.119023136,0.036363636,0,1,0,0,35.7806,-78.6389
North Carolina,33,1974,4734,1.087525844,0.083333333,0,1,0,0,35.7806,-78.6389
North Carolina,33,1975,5048,1.066328686,0.091093118,0,1,0,0,35.7806,-78.6389
North Carolina,33,1976,5581,1.105586371,0.064935065,0,1,0,0,35.7806,-78.6389
North Carolina,33,1977,6041,1.082422505,0.06271777,0,1,0,0,35.7806,-78.6389
North Carolina,33,1978,6744,1.116371462,0.073770491,0,1,0,0,35.7806,-78.6389
North Carolina,33,1979,7401,1.097419929,0.097709924,0,1,0,0,35.7806,-78.6389
North Carolina,33,1980,8183,1.105661397,0.123783032,0,1,0,0,35.7806,-78.6389
North Carolina,33,1981,9142,1.117194183,0.103960396,0,1,0,0,35.7806,-78.6389
North Carolina,33,1982,9711,1.06224021,0.073991032,0,1,0,0,35.7806,-78.6389
North Carolina,33,1983,10500,1.081248069,0.039665971,0,1,0,0,35.7806,-78.6389
North Carolina,33,1984,11771,1.121047619,0.050200803,0,1,0,0,35.7806,-78.6389
North Carolina,33,1985,12592,1.069747685,0.043021033,0,1,0,0,35.7806,-78.6389
North Carolina,33,1986,13393,1.063611817,0.040329972,0,1,0,0,35.7806,-78.6389
North Carolina,33,1987,14241,1.063316658,0.041409692,0,1,0,0,35.7806,-78.6389
North Carolina,33,1988,15341,1.077241767,0.043993232,0,1,0,0,35.7806,-78.6389
North Carolina,33,1989,16454,1.072550681,0.045380875,0,1,0,0,35.7806,-78.6389
North Carolina,33,1990,17194,1.044973867,0.050387597,0,1,0,0,35.7806,-78.6389
North Carolina,33,1991,17691,1.028905432,0.048708487,0,1,0,0,35.7806,-78.6389
North Carolina,33,1992,18886,1.067548471,0.036593948,0,1,0,0,35.7806,-78.6389
North Dakota,34,1972,4412,1.187617766,0.030444965,1987,0,0,-15,46.8133,-100.779
North Dakota,34,1973,6207,1.406844968,0.036363636,1987,0,0,-14,46.8133,-100.779
North Dakota,34,1974,6136,0.988561302,0.083333333,1987,0,0,-13,46.8133,-100.779
North Dakota,34,1975,6390,1.041395046,0.091093118,1987,0,0,-12,46.8133,-100.779
North Dakota,34,1976,6206,0.971205008,0.064935065,1987,0,0,-11,46.8133,-100.779
North Dakota,34,1977,6421,1.034643893,0.06271777,1987,0,0,-10,46.8133,-100.779
North Dakota,34,1978,8095,1.260707055,0.073770491,1987,0,0,-9,46.8133,-100.779
North Dakota,34,1979,8290,1.024088944,0.097709924,1987,0,0,-8,46.8133,-100.779
North Dakota,34,1980,7894,0.952231604,0.123783032,1987,0,0,-7,46.8133,-100.779
North Dakota,34,1981,10300,1.304788447,0.103960396,1987,0,0,-6,46.8133,-100.779
North Dakota,34,1982,11009,1.068834951,0.073991032,1987,0,0,-5,46.8133,-100.779
North Dakota,34,1983,11417,1.037060587,0.039665971,1987,0,0,-4,46.8133,-100.779
North Dakota,34,1984,12268,1.07453797,0.050200803,1987,0,0,-3,46.8133,-100.779
North Dakota,34,1985,12728,1.037495924,0.043021033,1987,0,0,-2,46.8133,-100.779
North Dakota,34,1986,13025,1.023334381,0.040329972,1987,0,0,-1,46.8133,-100.779
North Dakota,34,1987,13589,1.043301344,0.041409692,1987,1,1,0,46.8133,-100.779
North Dakota,34,1988,12653,0.931120759,0.043993232,1987,1,0,1,46.8133,-100.779
North Dakota,34,1989,14371,1.135778076,0.045380875,1987,1,0,2,46.8133,-100.779
North Dakota,34,1990,15866,1.104028947,0.050387597,1987,1,0,3,46.8133,-100.779
North Dakota,34,1991,16167,1.018971385,0.048708487,1987,1,0,4,46.8133,-100.779
North Dakota,34,1992,17639,1.091049669,0.036593948,1987,1,0,5,46.8133,-100.779
Ohio,35,1972,4688,1.084683017,0.030444965,1979,0,0,-7,39.9833,-82.9833
Ohio,35,1973,5209,1.111134812,0.036363636,1979,0,0,-6,39.9833,-82.9833
Ohio,35,1974,5724,1.098867345,0.083333333,1979,0,0,-5,39.9833,-82.9833
Ohio,35,1975,6101,1.065863033,0.091093118,1979,0,0,-4,39.9833,-82.9833
Ohio,35,1976,6751,1.106539911,0.064935065,1979,0,0,-3,39.9833,-82.9833
Ohio,35,1977,7492,1.109761517,0.06271777,1979,0,0,-2,39.9833,-82.9833
Ohio,35,1978,8283,1.105579285,0.073770491,1979,0,0,-1,39.9833,-82.9833
Ohio,35,1979,9172,1.107328263,0.097709924,1979,1,1,0,39.9833,-82.9833
Ohio,35,1980,10022,1.092673354,0.123783032,1979,1,0,1,39.9833,-82.9833
Ohio,35,1981,10922,1.089802435,0.103960396,1979,1,0,2,39.9833,-82.9833
Ohio,35,1982,11470,1.050173961,0.073991032,1979,1,0,3,39.9833,-82.9833
Ohio,35,1983,12173,1.061290323,0.039665971,1979,1,0,4,39.9833,-82.9833
Ohio,35,1984,13437,1.103836359,0.050200803,1979,1,0,5,39.9833,-82.9833
Ohio,35,1985,14249,1.060430156,0.043021033,1979,1,0,6,39.9833,-82.9833
Ohio,35,1986,14873,1.043792547,0.040329972,1979,1,0,7,39.9833,-82.9833
Ohio,35,1987,15529,1.044106771,0.041409692,1979,1,0,8,39.9833,-82.9833
Ohio,35,1988,16549,1.06568356,0.043993232,1979,1,0,9,39.9833,-82.9833
Ohio,35,1989,17672,1.067859085,0.045380875,1979,1,0,10,39.9833,-82.9833
Ohio,35,1990,18638,1.054662743,0.050387597,1979,1,0,11,39.9833,-82.9833
Ohio,35,1991,19013,1.020120185,0.048708487,1979,1,0,12,39.9833,-82.9833
Ohio,35,1992,20025,1.05322674,0.036593948,1979,1,0,13,39.9833,-82.9833
Oklahoma,36,1972,4016,1.082479784,0.030444965,1988,0,0,-16,35.4822,-97.535
Oklahoma,36,1973,4515,1.124252988,0.036363636,1988,0,0,-15,35.4822,-97.535
Oklahoma,36,1974,4976,1.102104097,0.083333333,1988,0,0,-14,35.4822,-97.535
Oklahoma,36,1975,5493,1.103898714,0.091093118,1988,0,0,-13,35.4822,-97.535
Oklahoma,36,1976,5974,1.087565993,0.064935065,1988,0,0,-12,35.4822,-97.535
Oklahoma,36,1977,6570,1.099765651,0.06271777,1988,0,0,-11,35.4822,-97.535
Oklahoma,36,1978,7343,1.117656012,0.073770491,1988,0,0,-10,35.4822,-97.535
Oklahoma,36,1979,8395,1.143265695,0.097709924,1988,0,0,-9,35.4822,-97.535
Oklahoma,36,1980,9487,1.130077427,0.123783032,1988,0,0,-8,35.4822,-97.535
Oklahoma,36,1981,10943,1.153473174,0.103960396,1988,0,0,-7,35.4822,-97.535
Oklahoma,36,1982,11816,1.079777026,0.073991032,1988,0,0,-6,35.4822,-97.535
Oklahoma,36,1983,11737,0.99331415,0.039665971,1988,0,0,-5,35.4822,-97.535
Oklahoma,36,1984,12618,1.07506177,0.050200803,1988,0,0,-4,35.4822,-97.535
Oklahoma,36,1985,13171,1.04382628,0.043021033,1988,0,0,-3,35.4822,-97.535
Oklahoma,36,1986,13312,1.010705337,0.040329972,1988,0,0,-2,35.4822,-97.535
Oklahoma,36,1987,13455,1.010742188,0.041409692,1988,0,0,-1,35.4822,-97.535
Oklahoma,36,1988,14166,1.052842809,0.043993232,1988,1,1,0,35.4822,-97.535
Oklahoma,36,1989,15192,1.072426938,0.045380875,1988,1,0,1,35.4822,-97.535
Oklahoma,36,1990,16077,1.058254344,0.050387597,1988,1,0,2,35.4822,-97.535
Oklahoma,36,1991,16434,1.022205635,0.048708487,1988,1,0,3,35.4822,-97.535
Oklahoma,36,1992,17269,1.050809298,0.036593948,1988,1,0,4,35.4822,-97.535
Oregon,37,1972,4605,1.097212294,0.030444965,1985,0,0,-13,44.939,-123.0393
Oregon,37,1973,5109,1.109446254,0.036363636,1985,0,0,-12,44.939,-123.0393
Oregon,37,1974,5701,1.115873948,0.083333333,1985,0,0,-11,44.939,-123.0393
Oregon,37,1975,6185,1.084897386,0.091093118,1985,0,0,-10,44.939,-123.0393
Oregon,37,1976,6898,1.115278901,0.064935065,1985,0,0,-9,44.939,-123.0393
Oregon,37,1977,7526,1.091040881,0.06271777,1985,0,0,-8,44.939,-123.0393
Oregon,37,1978,8409,1.117326601,0.073770491,1985,0,0,-7,44.939,-123.0393
Oregon,37,1979,9295,1.105363301,0.097709924,1985,0,0,-6,44.939,-123.0393
Oregon,37,1980,10086,1.085099516,0.123783032,1985,0,0,-5,44.939,-123.0393
Oregon,37,1981,10802,1.07098949,0.103960396,1985,0,0,-4,44.939,-123.0393
Oregon,37,1982,11116,1.029068691,0.073991032,1985,0,0,-3,44.939,-123.0393
Oregon,37,1983,11849,1.065940986,0.039665971,1985,0,0,-2,44.939,-123.0393
Oregon,37,1984,12811,1.081188286,0.050200803,1985,0,0,-1,44.939,-123.0393
Oregon,37,1985,13429,1.048239794,0.043021033,1985,1,1,0,44.939,-123.0393
Oregon,37,1986,14059,1.046913396,0.040329972,1985,1,0,1,44.939,-123.0393
Oregon,37,1987,14724,1.047300661,0.041409692,1985,1,0,2,44.939,-123.0393
Oregon,37,1988,15776,1.071447976,0.043993232,1985,1,0,3,44.939,-123.0393
Oregon,37,1989,16956,1.07479716,0.045380875,1985,1,0,4,44.939,-123.0393
Oregon,37,1990,17895,1.055378627,0.050387597,1985,1,0,5,44.939,-123.0393
Oregon,37,1991,18469,1.032075999,0.048708487,1985,1,0,6,44.939,-123.0393
Oregon,37,1992,19201,1.039633981,0.036593948,1985,1,0,7,44.939,-123.0393
Pennsylvania,38,1972,4678,1.090697132,0.030444965,1982,0,0,-10,40.2697,-76.8756
Pennsylvania,38,1973,5155,1.101966652,0.036363636,1982,0,0,-9,40.2697,-76.8756
Pennsylvania,38,1974,5692,1.104170708,0.083333333,1982,0,0,-8,40.2697,-76.8756
Pennsylvania,38,1975,6182,1.086085734,0.091093118,1982,0,0,-7,40.2697,-76.8756
Pennsylvania,38,1976,6796,1.099320608,0.064935065,1982,0,0,-6,40.2697,-76.8756
Pennsylvania,38,1977,7473,1.099617422,0.06271777,1982,0,0,-5,40.2697,-76.8756
Pennsylvania,38,1978,8262,1.105580088,0.073770491,1982,0,0,-4,40.2697,-76.8756
Pennsylvania,38,1979,9142,1.10651174,0.097709924,1982,0,0,-3,40.2697,-76.8756
Pennsylvania,38,1980,10040,1.098227959,0.123783032,1982,0,0,-2,40.2697,-76.8756
Pennsylvania,38,1981,11100,1.105577689,0.103960396,1982,0,0,-1,40.2697,-76.8756
Pennsylvania,38,1982,11880,1.07027027,0.073991032,1982,1,1,0,40.2697,-76.8756
Pennsylvania,38,1983,12448,1.047811448,0.039665971,1982,1,0,1,40.2697,-76.8756
Pennsylvania,38,1984,13468,1.081940874,0.050200803,1982,1,0,2,40.2697,-76.8756
Pennsylvania,38,1985,14318,1.063112563,0.043021033,1982,1,0,3,40.2697,-76.8756
Pennsylvania,38,1986,15017,1.048819668,0.040329972,1982,1,0,4,40.2697,-76.8756
Pennsylvania,38,1987,15857,1.055936605,0.041409692,1982,1,0,5,40.2697,-76.8756
Pennsylvania,38,1988,17067,1.076306994,0.043993232,1982,1,0,6,40.2697,-76.8756
Pennsylvania,38,1989,18412,1.078807055,0.045380875,1982,1,0,7,40.2697,-76.8756
Pennsylvania,38,1990,19433,1.055452965,0.050387597,1982,1,0,8,40.2697,-76.8756
Pennsylvania,38,1991,20171,1.037976638,0.048708487,1982,1,0,9,40.2697,-76.8756
Pennsylvania,38,1992,21050,1.043577413,0.036593948,1982,1,0,10,40.2697,-76.8756
Rhode Island,39,1972,4613,1.076546091,0.030444965,0,1,0,0,41.8245,-71.4127
Rhode Island,39,1973,4955,1.074138305,0.036363636,0,1,0,0,41.8245,-71.4127
Rhode Island,39,1974,5385,1.086781029,0.083333333,0,1,0,0,41.8245,-71.4127
Rhode Island,39,1975,5851,1.086536676,0.091093118,0,1,0,0,41.8245,-71.4127
Rhode Island,39,1976,6402,1.094171936,0.064935065,0,1,0,0,41.8245,-71.4127
Rhode Island,39,1977,6975,1.08950328,0.06271777,0,1,0,0,41.8245,-71.4127
Rhode Island,39,1978,7636,1.094767025,0.073770491,0,1,0,0,41.8245,-71.4127
Rhode Island,39,1979,8497,1.112755369,0.097709924,0,1,0,0,41.8245,-71.4127
Rhode Island,39,1980,9645,1.135106508,0.123783032,0,1,0,0,41.8245,-71.4127
Rhode Island,39,1981,10733,1.112804562,0.103960396,0,1,0,0,41.8245,-71.4127
Rhode Island,39,1982,11540,1.07518867,0.073991032,0,1,0,0,41.8245,-71.4127
Rhode Island,39,1983,12389,1.073570191,0.039665971,0,1,0,0,41.8245,-71.4127
Rhode Island,39,1984,13629,1.100088788,0.050200803,0,1,0,0,41.8245,-71.4127
Rhode Island,39,1985,14538,1.066696016,0.043021033,0,1,0,0,41.8245,-71.4127
Rhode Island,39,1986,15445,1.062388224,0.040329972,0,1,0,0,41.8245,-71.4127
Rhode Island,39,1987,16387,1.060990612,0.041409692,0,1,0,0,41.8245,-71.4127
Rhode Island,39,1988,17909,1.092878501,0.043993232,0,1,0,0,41.8245,-71.4127
Rhode Island,39,1989,19389,1.082640013,0.045380875,0,1,0,0,41.8245,-71.4127
Rhode Island,39,1990,19821,1.022280675,0.050387597,0,1,0,0,41.8245,-71.4127
Rhode Island,39,1991,19981,1.008072247,0.048708487,0,1,0,0,41.8245,-71.4127
Rhode Island,39,1992,20820,1.04198989,0.036593948,0,1,0,0,41.8245,-71.4127
South Carolina,40,1972,3594,1.100765697,0.030444965,0,1,0,0,34.0093,-81.0371
South Carolina,40,1973,4016,1.117417919,0.036363636,0,1,0,0,34.0093,-81.0371
South Carolina,40,1974,4451,1.108316733,0.083333333,0,1,0,0,34.0093,-81.0371
South Carolina,40,1975,4730,1.062682543,0.091093118,0,1,0,0,34.0093,-81.0371
South Carolina,40,1976,5255,1.110993658,0.064935065,0,1,0,0,34.0093,-81.0371
South Carolina,40,1977,5668,1.078591817,0.06271777,0,1,0,0,34.0093,-81.0371
South Carolina,40,1978,6301,1.111679605,0.073770491,0,1,0,0,34.0093,-81.0371
South Carolina,40,1979,6988,1.109030313,0.097709924,0,1,0,0,34.0093,-81.0371
South Carolina,40,1980,7736,1.107040641,0.123783032,0,1,0,0,34.0093,-81.0371
South Carolina,40,1981,8606,1.11246122,0.103960396,0,1,0,0,34.0093,-81.0371
South Carolina,40,1982,9078,1.054845457,0.073991032,0,1,0,0,34.0093,-81.0371
South Carolina,40,1983,9790,1.078431373,0.039665971,0,1,0,0,34.0093,-81.0371
South Carolina,40,1984,10900,1.113381001,0.050200803,0,1,0,0,34.0093,-81.0371
South Carolina,40,1985,11590,1.063302752,0.043021033,0,1,0,0,34.0093,-81.0371
South Carolina,40,1986,12194,1.052113891,0.040329972,0,1,0,0,34.0093,-81.0371
South Carolina,40,1987,12939,1.061095621,0.041409692,0,1,0,0,34.0093,-81.0371
South Carolina,40,1988,13906,1.074735296,0.043993232,0,1,0,0,34.0093,-81.0371
South Carolina,40,1989,14931,1.07370919,0.045380875,0,1,0,0,34.0093,-81.0371
South Carolina,40,1990,15844,1.061147947,0.050387597,0,1,0,0,34.0093,-81.0371
South Carolina,40,1991,16256,1.026003534,0.048708487,0,1,0,0,34.0093,-81.0371
South Carolina,40,1992,17010,1.046382874,0.036593948,0,1,0,0,34.0093,-81.0371
South Dakota,41,1972,4089,1.147306397,0.030444965,0,1,0,0,44.368,-100.3364
South Dakota,41,1973,5175,1.265590609,0.036363636,0,1,0,0,44.368,-100.3364
South Dakota,41,1974,5187,1.002318841,0.083333333,0,1,0,0,44.368,-100.3364
South Dakota,41,1975,5706,1.100057837,0.091093118,0,1,0,0,44.368,-100.3364
South Dakota,41,1976,5600,0.981423063,0.064935065,0,1,0,0,44.368,-100.3364
South Dakota,41,1977,6352,1.134285714,0.06271777,0,1,0,0,44.368,-100.3364
South Dakota,41,1978,7302,1.149559194,0.073770491,0,1,0,0,44.368,-100.3364
South Dakota,41,1979,8059,1.103670227,0.097709924,0,1,0,0,44.368,-100.3364
South Dakota,41,1980,8054,0.999379576,0.123783032,0,1,0,0,44.368,-100.3364
South Dakota,41,1981,9410,1.168363546,0.103960396,0,1,0,0,44.368,-100.3364
South Dakota,41,1982,9946,1.05696068,0.073991032,0,1,0,0,44.368,-100.3364
South Dakota,41,1983,10293,1.034888397,0.039665971,0,1,0,0,44.368,-100.3364
South Dakota,41,1984,11621,1.129019722,0.050200803,0,1,0,0,44.368,-100.3364
South Dakota,41,1985,11898,1.023836159,0.043021033,0,1,0,0,44.368,-100.3364
South Dakota,41,1986,12452,1.046562447,0.040329972,0,1,0,0,44.368,-100.3364
South Dakota,41,1987,13133,1.05469001,0.041409692,0,1,0,0,44.368,-100.3364
South Dakota,41,1988,13631,1.037919744,0.043993232,0,1,0,0,44.368,-100.3364
South Dakota,41,1989,14653,1.074976157,0.045380875,0,1,0,0,44.368,-100.3364
South Dakota,41,1990,16075,1.097044974,0.050387597,0,1,0,0,44.368,-100.3364
South Dakota,41,1991,16666,1.036765163,0.048708487,0,1,0,0,44.368,-100.3364
South Dakota,41,1992,17740,1.064442578,0.036593948,0,1,0,0,44.368,-100.3364
Tennessee,42,1972,3800,1.104972376,0.030444965,1985,0,0,-13,36.1667,-86.7833
Tennessee,42,1973,4284,1.127368421,0.036363636,1985,0,0,-12,36.1667,-86.7833
Tennessee,42,1974,4685,1.093604108,0.083333333,1985,0,0,-11,36.1667,-86.7833
Tennessee,42,1975,5026,1.072785486,0.091093118,1985,0,0,-10,36.1667,-86.7833
Tennessee,42,1976,5570,1.108237167,0.064935065,1985,0,0,-9,36.1667,-86.7833
Tennessee,42,1977,6089,1.093177738,0.06271777,1985,0,0,-8,36.1667,-86.7833
Tennessee,42,1978,6862,1.126950238,0.073770491,1985,0,0,-7,36.1667,-86.7833
Tennessee,42,1979,7555,1.100990965,0.097709924,1985,0,0,-6,36.1667,-86.7833
Tennessee,42,1980,8227,1.088947717,0.123783032,1985,0,0,-5,36.1667,-86.7833
Tennessee,42,1981,9120,1.108545035,0.103960396,1985,0,0,-4,36.1667,-86.7833
Tennessee,42,1982,9696,1.063157895,0.073991032,1985,0,0,-3,36.1667,-86.7833
Tennessee,42,1983,10293,1.061571782,0.039665971,1985,0,0,-2,36.1667,-86.7833
Tennessee,42,1984,11413,1.108811814,0.050200803,1985,0,0,-1,36.1667,-86.7833
Tennessee,42,1985,12152,1.064750723,0.043021033,1985,1,1,0,36.1667,-86.7833
Tennessee,42,1986,12895,1.061142199,0.040329972,1985,1,0,1,36.1667,-86.7833
Tennessee,42,1987,13754,1.066614967,0.041409692,1985,1,0,2,36.1667,-86.7833
Tennessee,42,1988,14783,1.074814599,0.043993232,1985,1,0,3,36.1667,-86.7833
Tennessee,42,1989,15718,1.063248326,0.045380875,1985,1,0,4,36.1667,-86.7833
Tennessee,42,1990,16574,1.054459855,0.050387597,1985,1,0,5,36.1667,-86.7833
Tennessee,42,1991,17242,1.040304091,0.048708487,1985,1,0,6,36.1667,-86.7833
Tennessee,42,1992,18527,1.074527317,0.036593948,1985,1,0,7,36.1667,-86.7833
Texas,43,1972,4175,1.087239583,0.030444965,1988,0,0,-16,30.265,-97.7466
Texas,43,1973,4659,1.115928144,0.036363636,1988,0,0,-15,30.265,-97.7466
Texas,43,1974,5170,1.109680189,0.083333333,1988,0,0,-14,30.265,-97.7466
Texas,43,1975,5738,1.109864603,0.091093118,1988,0,0,-13,30.265,-97.7466
Texas,43,1976,6347,1.106134542,0.064935065,1988,0,0,-12,30.265,-97.7466
Texas,43,1977,6943,1.093902631,0.06271777,1988,0,0,-11,30.265,-97.7466
Texas,43,1978,7856,1.131499352,0.073770491,1988,0,0,-10,30.265,-97.7466
Texas,43,1979,8832,1.124236253,0.097709924,1988,0,0,-9,30.265,-97.7466
Texas,43,1980,9870,1.117527174,0.123783032,1988,0,0,-8,30.265,-97.7466
Texas,43,1981,11320,1.146909828,0.103960396,1988,0,0,-7,30.265,-97.7466
Texas,43,1982,11965,1.056978799,0.073991032,1988,0,0,-6,30.265,-97.7466
Texas,43,1983,12348,1.032010029,0.039665971,1988,0,0,-5,30.265,-97.7466
Texas,43,1984,13377,1.083333333,0.050200803,1988,0,0,-4,30.265,-97.7466
Texas,43,1985,14110,1.054795545,0.043021033,1988,0,0,-3,30.265,-97.7466
Texas,43,1986,14182,1.005102764,0.040329972,1988,0,0,-2,30.265,-97.7466
Texas,43,1987,14453,1.019108729,0.041409692,1988,0,0,-1,30.265,-97.7466
Texas,43,1988,15245,1.054798312,0.043993232,1988,1,1,0,30.265,-97.7466
Texas,43,1989,16165,1.060347655,0.045380875,1988,1,0,1,30.265,-97.7466
Texas,43,1990,17260,1.067738942,0.050387597,1988,1,0,2,30.265,-97.7466
Texas,43,1991,17763,1.029142526,0.048708487,1988,1,0,3,30.265,-97.7466
Texas,43,1992,18765,1.05640939,0.036593948,1988,1,0,4,30.265,-97.7466
Utah,44,1972,3971,1.088243354,0.030444965,1981,0,0,-9,40.75,-111.8833
Utah,44,1973,4316,1.086879879,0.036363636,1981,0,0,-8,40.75,-111.8833
Utah,44,1974,4738,1.097775718,0.083333333,1981,0,0,-7,40.75,-111.8833
Utah,44,1975,5173,1.091810891,0.091093118,1981,0,0,-6,40.75,-111.8833
Utah,44,1976,5755,1.112507249,0.064935065,1981,0,0,-5,40.75,-111.8833
Utah,44,1977,6344,1.102345786,0.06271777,1981,0,0,-4,40.75,-111.8833
Utah,44,1978,7055,1.112074401,0.073770491,1981,0,0,-3,40.75,-111.8833
Utah,44,1979,7792,1.104464918,0.097709924,1981,0,0,-2,40.75,-111.8833
Utah,44,1980,8492,1.089835729,0.123783032,1981,0,0,-1,40.75,-111.8833
Utah,44,1981,9347,1.100682996,0.103960396,1981,1,1,0,40.75,-111.8833
Utah,44,1982,9953,1.064833636,0.073991032,1981,1,0,1,40.75,-111.8833
Utah,44,1983,10506,1.055561137,0.039665971,1981,1,0,2,40.75,-111.8833
Utah,44,1984,11371,1.082333904,0.050200803,1981,1,0,3,40.75,-111.8833
Utah,44,1985,11926,1.048808372,0.043021033,1981,1,0,4,40.75,-111.8833
Utah,44,1986,12322,1.033204763,0.040329972,1981,1,0,5,40.75,-111.8833
Utah,44,1987,12652,1.026781367,0.041409692,1981,1,0,6,40.75,-111.8833
Utah,44,1988,13162,1.040309832,0.043993232,1981,1,0,7,40.75,-111.8833
Utah,44,1989,13941,1.059185534,0.045380875,1981,1,0,8,40.75,-111.8833
Utah,44,1990,14847,1.064988164,0.050387597,1981,1,0,9,40.75,-111.8833
Utah,44,1991,15479,1.042567522,0.048708487,1981,1,0,10,40.75,-111.8833
Utah,44,1992,16135,1.042379999,0.036593948,1981,1,0,11,40.75,-111.8833
Vermont,45,1972,4163,1.081860707,0.030444965,0,1,0,0,44.2595,-72.5759
Vermont,45,1973,4528,1.087677156,0.036363636,0,1,0,0,44.2595,-72.5759
Vermont,45,1974,4855,1.072217314,0.083333333,0,1,0,0,44.2595,-72.5759
Vermont,45,1975,5203,1.071678682,0.091093118,0,1,0,0,44.2595,-72.5759
Vermont,45,1976,5747,1.104555064,0.064935065,0,1,0,0,44.2595,-72.5759
Vermont,45,1977,6153,1.070645554,0.06271777,0,1,0,0,44.2595,-72.5759
Vermont,45,1978,6979,1.134243458,0.073770491,0,1,0,0,44.2595,-72.5759
Vermont,45,1979,7756,1.111334002,0.097709924,0,1,0,0,44.2595,-72.5759
Vermont,45,1980,8599,1.108690046,0.123783032,0,1,0,0,44.2595,-72.5759
Vermont,45,1981,9650,1.122223514,0.103960396,0,1,0,0,44.2595,-72.5759
Vermont,45,1982,10324,1.06984456,0.073991032,0,1,0,0,44.2595,-72.5759
Vermont,45,1983,10930,1.058698179,0.039665971,0,1,0,0,44.2595,-72.5759
Vermont,45,1984,11977,1.0957914,0.050200803,0,1,0,0,44.2595,-72.5759
Vermont,45,1985,12867,1.074309092,0.043021033,0,1,0,0,44.2595,-72.5759
Vermont,45,1986,13731,1.067148519,0.040329972,0,1,0,0,44.2595,-72.5759
Vermont,45,1987,14755,1.074575777,0.041409692,0,1,0,0,44.2595,-72.5759
Vermont,45,1988,15822,1.07231447,0.043993232,0,1,0,0,44.2595,-72.5759
Vermont,45,1989,17195,1.086777904,0.045380875,0,1,0,0,44.2595,-72.5759
Vermont,45,1990,17643,1.026054085,0.050387597,0,1,0,0,44.2595,-72.5759
Vermont,45,1991,17869,1.012809613,0.048708487,0,1,0,0,44.2595,-72.5759
Vermont,45,1992,18941,1.059992165,0.036593948,0,1,0,0,44.2595,-72.5759
Virginia,46,1972,4486,1.09655341,0.030444965,1978,0,0,-6,37.5408,-77.4339
Virginia,46,1973,4971,1.108114133,0.036363636,1978,0,0,-5,37.5408,-77.4339
Virginia,46,1974,5485,1.103399718,0.083333333,1978,0,0,-4,37.5408,-77.4339
Virginia,46,1975,5960,1.086599818,0.091093118,1978,0,0,-3,37.5408,-77.4339
Virginia,46,1976,6549,1.098825503,0.064935065,1978,0,0,-2,37.5408,-77.4339
Virginia,46,1977,7193,1.098335624,0.06271777,1978,0,0,-1,37.5408,-77.4339
Virginia,46,1978,8025,1.115668011,0.073770491,1978,1,1,0,37.5408,-77.4339
Virginia,46,1979,8950,1.115264798,0.097709924,1978,1,0,1,37.5408,-77.4339
Virginia,46,1980,10107,1.129273743,0.123783032,1978,1,0,2,37.5408,-77.4339
Virginia,46,1981,11227,1.110814287,0.103960396,1978,1,0,3,37.5408,-77.4339
Virginia,46,1982,12095,1.077313619,0.073991032,1978,1,0,4,37.5408,-77.4339
Virginia,46,1983,12993,1.074245556,0.039665971,1978,1,0,5,37.5408,-77.4339
Virginia,46,1984,14298,1.100438698,0.050200803,1978,1,0,6,37.5408,-77.4339
Virginia,46,1985,15284,1.068960694,0.043021033,1978,1,0,7,37.5408,-77.4339
Virginia,46,1986,16188,1.05914682,0.040329972,1978,1,0,8,37.5408,-77.4339
Virginia,46,1987,17191,1.061959476,0.041409692,1978,1,0,9,37.5408,-77.4339
Virginia,46,1988,18442,1.072770636,0.043993232,1978,1,0,10,37.5408,-77.4339
Virginia,46,1989,19614,1.063550591,0.045380875,1978,1,0,11,37.5408,-77.4339
Virginia,46,1990,20312,1.035586826,0.050387597,1978,1,0,12,37.5408,-77.4339
Virginia,46,1991,20953,1.0315577,0.048708487,1978,1,0,13,37.5408,-77.4339
Virginia,46,1992,21842,1.042428292,0.036593948,1978,1,0,14,37.5408,-77.4339
Washington,47,1972,4713,1.080715432,0.030444965,1985,0,0,-13,47.7511,-120.74
Washington,47,1973,5284,1.121154254,0.036363636,1985,0,0,-12,47.7511,-120.74
Washington,47,1974,5892,1.115064345,0.083333333,1985,0,0,-11,47.7511,-120.74
Washington,47,1975,6535,1.109131025,0.091093118,1985,0,0,-10,47.7511,-120.74
Washington,47,1976,7165,1.096403979,0.064935065,1985,0,0,-9,47.7511,-120.74
Washington,47,1977,7797,1.08820656,0.06271777,1985,0,0,-8,47.7511,-120.74
Washington,47,1978,8820,1.131204309,0.073770491,1985,0,0,-7,47.7511,-120.74
Washington,47,1979,9847,1.116439909,0.097709924,1985,0,0,-6,47.7511,-120.74
Washington,47,1980,10810,1.097796283,0.123783032,1985,0,0,-5,47.7511,-120.74
Washington,47,1981,11834,1.094727105,0.103960396,1985,0,0,-4,47.7511,-120.74
Washington,47,1982,12435,1.050785871,0.073991032,1985,0,0,-3,47.7511,-120.74
Washington,47,1983,13144,1.057016486,0.039665971,1985,0,0,-2,47.7511,-120.74
Washington,47,1984,13972,1.062994522,0.050200803,1985,0,0,-1,47.7511,-120.74
Washington,47,1985,14619,1.0463069,0.043021033,1985,1,1,0,47.7511,-120.74
Washington,47,1986,15422,1.054928518,0.040329972,1985,1,0,1,47.7511,-120.74
Washington,47,1987,16090,1.043314745,0.041409692,1985,1,0,2,47.7511,-120.74
Washington,47,1988,17055,1.05997514,0.043993232,1985,1,0,3,47.7511,-120.74
Washington,47,1989,18405,1.079155673,0.045380875,1985,1,0,4,47.7511,-120.74
Washington,47,1990,19637,1.066938332,0.050387597,1985,1,0,5,47.7511,-120.74
Washington,47,1991,20583,1.048174365,0.048708487,1985,1,0,6,47.7511,-120.74
Washington,47,1992,21581,1.048486615,0.036593948,1985,1,0,7,47.7511,-120.74
West Virginia,48,1972,3673,1.090234491,0.030444965,1987,0,0,-15,38.3472,-81.6333
West Virginia,48,1973,4009,1.091478356,0.036363636,1987,0,0,-14,38.3472,-81.6333
West Virginia,48,1974,4438,1.107009229,0.083333333,1987,0,0,-13,38.3472,-81.6333
West Virginia,48,1975,4973,1.120549797,0.091093118,1987,0,0,-12,38.3472,-81.6333
West Virginia,48,1976,5468,1.099537503,0.064935065,1987,0,0,-11,38.3472,-81.6333
West Virginia,48,1977,6026,1.102048281,0.06271777,1987,0,0,-10,38.3472,-81.6333
West Virginia,48,1978,6667,1.106372386,0.073770491,1987,0,0,-9,38.3472,-81.6333
West Virginia,48,1979,7373,1.105894705,0.097709924,1987,0,0,-8,38.3472,-81.6333
West Virginia,48,1980,8066,1.093991591,0.123783032,1987,0,0,-7,38.3472,-81.6333
West Virginia,48,1981,8767,1.086908009,0.103960396,1987,0,0,-6,38.3472,-81.6333
West Virginia,48,1982,9340,1.065358732,0.073991032,1987,0,0,-5,38.3472,-81.6333
West Virginia,48,1983,9575,1.0251606,0.039665971,1987,0,0,-4,38.3472,-81.6333
West Virginia,48,1984,10355,1.081462141,0.050200803,1987,0,0,-3,38.3472,-81.6333
West Virginia,48,1985,10851,1.047899565,0.043021033,1987,0,0,-2,38.3472,-81.6333
West Virginia,48,1986,11212,1.033268823,0.040329972,1987,0,0,-1,38.3472,-81.6333
West Virginia,48,1987,11619,1.036300392,0.041409692,1987,1,1,0,38.3472,-81.6333
West Virginia,48,1988,12532,1.078578191,0.043993232,1987,1,0,1,38.3472,-81.6333
West Virginia,48,1989,13398,1.069103096,0.045380875,1987,1,0,2,38.3472,-81.6333
West Virginia,48,1990,14436,1.07747425,0.050387597,1987,1,0,3,38.3472,-81.6333
West Virginia,48,1991,15086,1.045026323,0.048708487,1987,1,0,4,38.3472,-81.6333
West Virginia,48,1992,16081,1.06595519,0.036593948,1987,1,0,5,38.3472,-81.6333
Wisconsin,49,1972,4601,1.08488564,0.030444965,1990,0,0,-18,43.067,-89.4
Wisconsin,49,1973,5127,1.114322973,0.036363636,1990,0,0,-17,43.067,-89.4
Wisconsin,49,1974,5619,1.095962551,0.083333333,1990,0,0,-16,43.067,-89.4
Wisconsin,49,1975,6090,1.083822744,0.091093118,1990,0,0,-15,43.067,-89.4
Wisconsin,49,1976,6679,1.096715928,0.064935065,1990,0,0,-14,43.067,-89.4
Wisconsin,49,1977,7403,1.108399461,0.06271777,1990,0,0,-13,43.067,-89.4
Wisconsin,49,1978,8247,1.114007835,0.073770491,1990,0,0,-12,43.067,-89.4
Wisconsin,49,1979,9197,1.115193404,0.097709924,1990,0,0,-11,43.067,-89.4
Wisconsin,49,1980,10085,1.096553224,0.123783032,1990,0,0,-10,43.067,-89.4
Wisconsin,49,1981,10973,1.088051562,0.103960396,1990,0,0,-9,43.067,-89.4
Wisconsin,49,1982,11573,1.054679668,0.073991032,1990,0,0,-8,43.067,-89.4
Wisconsin,49,1983,12026,1.039142832,0.039665971,1990,0,0,-7,43.067,-89.4
Wisconsin,49,1984,13112,1.090304341,0.050200803,1990,0,0,-6,43.067,-89.4
Wisconsin,49,1985,13719,1.046293472,0.043021033,1990,0,0,-5,43.067,-89.4
Wisconsin,49,1986,14424,1.051388585,0.040329972,1990,0,0,-4,43.067,-89.4
Wisconsin,49,1987,15182,1.052551303,0.041409692,1990,0,0,-3,43.067,-89.4
Wisconsin,49,1988,15953,1.050783823,0.043993232,1990,0,0,-2,43.067,-89.4
Wisconsin,49,1989,17192,1.077665643,0.045380875,1990,0,0,-1,43.067,-89.4
Wisconsin,49,1990,17986,1.046184272,0.050387597,1990,1,1,0,43.067,-89.4
Wisconsin,49,1991,18494,1.02824419,0.048708487,1990,1,0,1,43.067,-89.4
Wisconsin,49,1992,19674,1.063804477,0.036593948,1990,1,0,2,43.067,-89.4
Wyoming,50,1972,4692,1.102184637,0.030444965,1988,0,0,-16,41.1402,-104.8188
Wyoming,50,1973,5389,1.148550725,0.036363636,1988,0,0,-15,41.1402,-104.8188
Wyoming,50,1974,6150,1.141213583,0.083333333,1988,0,0,-14,41.1402,-104.8188
Wyoming,50,1975,6721,1.092845528,0.091093118,1988,0,0,-13,41.1402,-104.8188
Wyoming,50,1976,7224,1.074840054,0.064935065,1988,0,0,-12,41.1402,-104.8188
Wyoming,50,1977,8152,1.128460687,0.06271777,1988,0,0,-11,41.1402,-104.8188
Wyoming,50,1978,9366,1.14892051,0.073770491,1988,0,0,-10,41.1402,-104.8188
Wyoming,50,1979,10515,1.122677771,0.097709924,1988,0,0,-9,41.1402,-104.8188
Wyoming,50,1980,11668,1.109652877,0.123783032,1988,0,0,-8,41.1402,-104.8188
Wyoming,50,1981,12808,1.09770312,0.103960396,1988,0,0,-7,41.1402,-104.8188
Wyoming,50,1982,13349,1.042239225,0.073991032,1988,0,0,-6,41.1402,-104.8188
Wyoming,50,1983,12703,0.951606862,0.039665971,1988,0,0,-5,41.1402,-104.8188
Wyoming,50,1984,13416,1.056128474,0.050200803,1988,0,0,-4,41.1402,-104.8188
Wyoming,50,1985,14137,1.053741801,0.043021033,1988,0,0,-3,41.1402,-104.8188
Wyoming,50,1986,14244,1.007568791,0.040329972,1988,0,0,-2,41.1402,-104.8188
Wyoming,50,1987,14287,1.003018815,0.041409692,1988,0,0,-1,41.1402,-104.8188
Wyoming,50,1988,14821,1.037376636,0.043993232,1988,1,1,0,41.1402,-104.8188
Wyoming,50,1989,16382,1.105323527,0.045380875,1988,1,0,1,41.1402,-104.8188
Wyoming,50,1990,17910,1.093273105,0.050387597,1988,1,0,2,41.1402,-104.8188
Wyoming,50,1991,18589,1.037911781,0.048708487,1988,1,0,3,41.1402,-104.8188
Wyoming,50,1992,19344,1.040615418,0.036593948,1988,1,0,4,41.1402,-104.8188
